date,cost
2022-06-30,0.33155274244289895
2022-06-27,0.25251050445327666
2022-06-24,0.23372371231477074
2022-06-21,0.2852411156463948
2022-06-18,0.3236339292854098
2022-06-15,0.2886436927860932
2022-06-12,0.18722181026110518
2022-06-09,0.19124873108846102
2022-06-06,0.18609610432650792
2022-06-03,0.18761939775677294
2022-05-31,0.17832938184023409
2022-05-28,0.19825846931103075
2022-05-25,0.1948344458768633
2022-05-22,0.16378595722508751
2022-05-19,0.16373047863927673
2022-05-16,0.2233895605657858
2022-05-13,0.21120165982347847
2022-05-10,0.19152676539122268
2022-05-07,0.15609039795230342
2022-05-04,0.142424618965342
2022-05-01,0.16808107937623085
2022-04-28,0.12907165031978945
2022-04-25,0.14680718140254506
2022-04-22,0.12443810802264275
2022-04-19,0.10974030643328268
2022-04-16,0.12185203014185832
2022-04-13,0.1265576659194826
2022-04-10,0.12331383282735936
2022-04-07,0.1179983799074235
2022-04-04,0.12637339148223914
2022-04-01,0.11324210071576166
2022-03-29,0.11231093718337617
2022-03-25,0.12841526380774212
2022-03-22,0.12099678853393066
2022-03-19,0.12897061371076646
2022-03-16,0.13719920764807314
2022-03-13,0.14377522103014392
2022-03-10,0.12402981463518334
2022-03-07,0.138369859329961
2022-03-04,0.1112106054787802
2022-03-01,0.11033359474056652
2022-02-26,0.12538920735997305
2022-02-23,0.1277882598027568
2022-02-20,0.11512463756478374
2022-02-17,0.11895706490212132
2022-02-14,0.14104776050102977
2022-02-11,0.15154828418903496
2022-02-08,0.10926574384865358
2022-02-05,0.12960611444307363
2022-02-02,0.13708803416166823
2022-01-30,0.12901231822623427
2022-01-27,0.14200445185498492
2022-01-24,0.1418065231026729
2022-01-21,0.12592157673474266
2022-01-18,0.12840449215493147
2022-01-15,0.12724435697119205
2022-01-12,0.12800625351126427
2022-01-09,0.10635273711574202
2022-01-06,0.10149709714808804
2022-01-03,0.0987333135238543
2021-12-31,0.10660820410847993
2021-12-28,0.08718469533209243
2021-12-25,0.0759384898453368
2021-12-22,0.08927632200731177
2021-12-19,0.08794467106514753
2021-12-16,0.08904425998874146
2021-12-13,0.09037196720474217
2021-12-10,0.08869868697077393
2021-12-07,0.08777881213636399
2021-12-04,0.08909460046941124
2021-12-01,0.07139890806865631
2021-11-28,0.06601911988051933
2021-11-25,0.06003073997468582
2021-11-22,0.0627330792318782
2021-11-19,0.06664435401311883
2021-11-16,0.06624294890058008
2021-11-13,0.06442108818713564
2021-11-10,0.062194409490630626
2021-11-07,0.054468093475843
2021-11-04,0.06458470465720426
2021-11-01,0.06607102543948377
2021-10-30,0.05965870456274338
2021-10-27,0.06349751684670539
2021-10-24,0.05967443204876072
2021-10-21,0.05638215495972532
2021-10-18,0.05631292260340979
2021-10-15,0.0536177356014534
2021-10-12,0.05633007392043132
2021-10-09,0.06374523167672703
2021-10-06,0.05570605576713452
2021-10-03,0.07000024670216849
2021-09-30,0.09377205952399438
2021-09-27,0.08809130655507437
2021-09-24,0.08354292764001832
2021-09-21,0.07173575826168434
2021-09-18,0.07513495383689286
2021-09-15,0.06895401607117004
2021-09-12,0.074769847176254
2021-09-09,0.06883981916152328
2021-09-06,0.0731754017591326
2021-09-03,0.06634047285787527
2021-08-31,0.06806030849718568
2021-08-28,0.06421162915675949
2021-08-25,0.06828187657337795
2021-08-22,0.06581503241461753
2021-08-19,0.06504832502008115
2021-08-16,0.06945945163838035
2021-08-13,0.057636012423218294
2021-08-10,0.06665218626726607
2021-08-07,0.06853370643664311
2021-08-04,0.06285521384807224
2021-08-01,0.07057522695331084
2021-07-29,0.0695239716024911
2021-07-26,0.06992327202273746
2021-07-23,0.0698902662787997
2021-07-20,0.07105922053175635
2021-07-17,0.08241780905875176
2021-07-14,0.09417277831465239
2021-07-11,0.06643622662177148
2021-07-08,0.0770607644803675
2021-07-05,0.07095415413502913
2021-07-02,0.06722877956955639
2021-06-29,0.07336178726442816
2021-06-26,0.0816055889550646
2021-06-23,0.08760771560285838
2021-06-20,0.08599428750112645
2021-06-17,0.09984970408725406
2021-06-14,0.09752766572527566
2021-06-11,0.08716123838523629
2021-06-08,0.13780257801547252
2021-06-05,0.11372198925757301
2021-06-02,0.13632645398439538
2021-05-30,0.12579108694358188
2021-05-27,0.11184047380261215
2021-05-24,0.11983174833885035
2021-05-21,0.10843121174085157
2021-05-18,0.08564847179626511
2021-05-15,0.09639346344406238
2021-05-12,0.10276615563893968
2021-05-09,0.09678634060504943
2021-05-06,0.09080249236872169
2021-05-03,0.09325533075951599
2021-04-30,0.08675802230150585
2021-04-27,0.08908888965306314
2021-04-24,0.10020505602724283
2021-04-21,0.06454416044123602
2021-04-18,0.07627283001994153
2021-04-15,0.09283881835025794
2021-04-12,0.08163290322841069
2021-04-09,0.08869427036401054
2021-04-06,0.08422872653357291
2021-04-03,0.07789704732659984
2021-03-31,0.09522065286063325
2021-03-27,0.10116084778102205
2021-03-24,0.10384209013869579
2021-03-21,0.09343465535588551
2021-03-18,0.08955550137097976
2021-03-15,0.09329799114849925
2021-03-12,0.08677040474339756
2021-03-09,0.0949412641271842
2021-03-06,0.10434407839892428
2021-03-03,0.0891868310317788
2021-02-28,0.10175611606214066
2021-02-25,0.10353403237163598
2021-02-22,0.0827198708278532
2021-02-19,0.09259289308738973
2021-02-16,0.09757323838082971
2021-02-13,0.11048213813869866
2021-02-10,0.09984249127660591
2021-02-07,0.145458941603432
2021-02-04,0.15491066475698387
2021-02-01,0.1531784548138302
2021-01-29,0.13464410968586593
2021-01-26,0.1475411129227229
2021-01-23,0.14692912538447372
2021-01-20,0.12111576707673544
2021-01-17,0.13613979918166433
2021-01-14,0.13227258671183392
2021-01-11,0.13972694519028592
2021-01-08,0.10764462131578904
2021-01-05,0.1578800421514677
2021-01-02,0.1487496696555414
2020-12-30,0.19050733863210637
2020-12-27,0.2016660240384249
2020-12-24,0.20254216483498358
2020-12-21,0.20850597688459327
2020-12-18,0.22814250793762722
2020-12-15,0.24550012498907825
2020-12-12,0.282329959004556
2020-12-09,0.23953772214896082
2020-12-06,0.265288052507545
2020-12-03,0.2529631877659312
2020-11-30,0.2637446462209093
2020-11-27,0.2835894393403774
2020-11-24,0.25514116698814093
2020-11-21,0.2914442740620563
2020-11-18,0.24146066109107317
2020-11-15,0.3056562273153757
2020-11-12,0.25561532926630093
2020-11-09,0.2878960404640227
2020-11-06,0.28149819242695745
2020-11-03,0.34144290515506937
2020-10-31,0.322438765825386
2020-10-28,0.28913279197145736
2020-10-25,0.3002978931680665
2020-10-23,0.36069615952870604
2020-10-20,0.4307043854502013
2020-10-17,0.479628356188087
2020-10-14,0.44894350886525264
2020-10-11,0.42253476825980135
2020-10-08,0.5101839007769859
2020-10-05,0.4457196194174914
2020-10-02,0.4447379761322606
2020-09-29,0.3309258673787534
2020-09-26,0.35628156782931664
2020-09-23,0.35321844973474414
2020-09-20,0.3286602647702126
2020-09-17,0.371809452620704
2020-09-14,0.3787065633055648
2020-09-11,0.30478450015660646
2020-09-08,0.3521142562158021
2020-09-05,0.3226484233693314
2020-09-02,0.2937127843971649
2020-08-30,0.25214115070576026
2020-08-27,0.26545624875581575
2020-08-24,0.28912689037439443
2020-08-21,0.30187844200314107
2020-08-18,0.2621217989022466
2020-08-15,0.2933690313921063
2020-08-12,0.30297695742989567
2020-08-09,0.29884195396121827
2020-08-06,0.2954882520462402
2020-08-03,0.32133327318128657
2020-07-31,0.30007448032045636
2020-07-28,0.2950894034011182
2020-07-25,0.334683797371302
2020-07-22,0.346146232158289
2020-07-19,0.3260967712726851
2020-07-16,0.3402480162485463
2020-07-13,0.34769959361445135
2020-07-10,0.36084438680417724
2020-07-07,0.3618620035772266
2020-07-04,0.35807757662287326
2020-07-01,0.36578898721912245
2020-06-28,0.40733327754575654
2020-06-25,0.3775125879806341
2020-06-22,0.3639599237086693
2020-06-19,0.3754374432085351
2020-06-16,0.35044500730860445
2020-06-13,0.3591950392214344
2020-06-10,0.35736606667133264
2020-06-07,0.35214851641172057
2020-06-04,0.34994250408307614
2020-06-01,0.31235020601616287
2020-05-29,0.31949649990181067
2020-05-26,0.33181350813326993
2020-05-23,0.30685163829109774
2020-05-20,0.2875101249585532
2020-05-17,0.26599742004642796
2020-05-14,0.2940596475479593
2020-05-11,0.461482799156549
2020-05-08,0.17623682997217952
2020-05-05,0.22111496241479722
2020-05-02,0.2051626076650184
2020-04-29,0.20660806025600117
2020-04-26,0.22377444258102538
2020-04-23,0.2382308718650439
2020-04-20,0.27083481423010203
2020-04-17,0.20783709482926205
2020-04-14,0.28233585380062015
2020-04-11,0.265748281171828
2020-04-08,0.22047298416716535
2020-04-05,0.2804631465164633
2020-04-02,0.24505496934516985
2020-03-30,0.2427803624607337
2020-03-26,0.24287740099735097
2020-03-23,0.2577015498855446
2020-03-20,0.2518672515000262
2020-03-17,0.23467741425921743
2020-03-14,0.2871579940793036
2020-03-11,0.23905560121468175
2020-03-08,0.22814011045902835
2020-03-05,0.20103326960828857
2020-03-02,0.20272759813039687
2020-02-28,0.18737585567291665
2020-02-25,0.1715585798464681
2020-02-22,0.1739809718258611
2020-02-19,0.15478481383066442
2020-02-16,0.18558707479309672
2020-02-13,0.15551654690692748
2020-02-10,0.17661870473199268
2020-02-07,0.16660323844147726
2020-02-04,0.20305188419312242
2020-02-01,0.1791973017961464
2020-01-29,0.19719364384811905
2020-01-26,0.16872859582845467
2020-01-23,0.20407840717968107
2020-01-20,0.1982297822387013
2020-01-17,0.16624586639543604
2020-01-14,0.1920283918077259
2020-01-11,0.19816356108466335
2020-01-08,0.20499414881315742
2020-01-05,0.19257871311872396
2020-01-02,0.25454052379752945
2019-12-30,0.22994471528034796
2019-12-27,0.23633846729889105
2019-12-24,0.20323143842793448
2019-12-21,0.27266872697454336
2019-12-18,0.2479035632431623
2019-12-15,0.25078594925392056
2019-12-12,0.24125226102850375
2019-12-09,0.23007921652173435
2019-12-06,0.23518281678282837
2019-12-03,0.26419704603560584
2019-11-30,0.2119728680884109
2019-11-27,0.24994806252516139
2019-11-24,0.20763297351259297
2019-11-21,0.19915288634305792
2019-11-18,0.20224816269934412
2019-11-15,0.1972419197387486
2019-11-12,0.17327484197920665
2019-11-09,0.21263628231278436
2019-11-06,0.1755292321010775
2019-11-03,0.17420352378361148
2019-10-31,0.17263466202542357
2019-10-28,0.17501915625004194
2019-10-26,0.18426877335088448
2019-10-23,0.260599271036891
2019-10-20,0.2055376536310059
2019-10-17,0.2145156945904303
2019-10-14,0.1867724435862066
2019-10-11,0.2180464599609943
2019-10-08,0.22459679244574146
2019-10-05,0.21965532200108762
2019-10-02,0.2005391079155904
2019-09-29,0.1957557528509667
2019-09-26,0.23110288582893315
2019-09-23,0.1269188703269697
2019-09-20,0.16055180124384477
2019-09-17,0.15687941493244895
2019-09-14,0.16192422268772397
2019-09-11,0.1774435000003624
2019-09-08,0.166669220218163
2019-09-05,0.15300233764128524
2019-09-02,0.1413885105911791
2019-08-30,0.1547116089322706
2019-08-27,0.12232081357976807
2019-08-24,0.1461608614570462
2019-08-21,0.12421845735051404
2019-08-18,0.11107368168834339
2019-08-15,0.13846793919661446
2019-08-12,0.1059721794714727
2019-08-09,0.11267374626441366
2019-08-06,0.12719367162668122
2019-08-03,0.1312530868848266
2019-07-31,0.13908175141039292
2019-07-28,0.1503285418892399
2019-07-25,0.12417487698646777
2019-07-22,0.1260446368782266
2019-07-19,0.0926284688770035
2019-07-16,0.1406452452728909
2019-07-13,0.10197240203876012
2019-07-10,0.08753621787835865
2019-07-07,0.09645734725975325
2019-07-04,0.1074854268023672
2019-07-01,0.09703415056170739
2019-06-28,0.120648228975093
2019-06-25,0.10669304199335763
2019-06-22,0.11339366155177526
2019-06-19,0.16399042655625368
2019-06-16,0.12429735923973134
2019-06-13,0.15827184270384503
2019-06-10,0.17037680682480308
2019-06-07,0.17005289009692995
2019-06-04,0.17233845229514266
2019-06-01,0.1525789043144148
2019-05-29,0.15662742205203828
2019-05-26,0.14744404524880178
2019-05-23,0.15585067374291164
2019-05-20,0.15712694612573858
2019-05-17,0.1595814813687456
2019-05-14,0.14761781738070612
2019-05-11,0.14015387269849394
2019-05-08,0.19838023854469927
2019-05-05,0.1742605786527306
2019-05-02,0.24805384290362611
2019-04-29,0.22937132274263294
2019-04-26,0.21222103143166238
2019-04-23,0.1532948280811343
2019-04-20,0.18164886327311996
2019-04-17,0.19506119757281928
2019-04-14,0.17517688984132573
2019-04-11,0.2311778705317745
2019-04-08,0.20754102434915603
2019-04-05,0.23328914388750627
2019-04-02,0.23861691250386888
2019-03-29,0.25317179251508837
2019-03-26,0.2816613195415106
2019-03-23,0.2790683583635947
2019-03-20,0.25068731665108557
2019-03-17,0.2874852915404369
2019-03-14,0.2807709799898929
2019-03-11,0.263367825550605
2019-03-08,0.255271110903108
2019-03-05,0.23734462474036663
2019-03-02,0.2716103430848085
2019-02-27,0.2795124028004292
2019-02-24,0.2689427671245814
2019-02-21,0.2970163558672569
2019-02-18,0.28869919477239925
2019-02-15,0.2978766338698601
2019-02-12,0.3028542475430591
2019-02-09,0.2663616712002938
2019-02-06,0.35010343982956266
2019-02-03,0.29187727413690545
2019-01-31,0.31418780242791516
2019-01-28,0.2889314199878626
2019-01-25,0.28977972826404963
2019-01-22,0.28049939278362035
2019-01-19,0.29122455093753263
2019-01-16,0.24039072696885322
2019-01-13,0.2895233216631673
2019-01-10,0.26651423665896484
2019-01-07,0.27714338274187794
2019-01-04,0.2781255722647012
2019-01-01,0.2597378525889247
2018-12-29,0.28293614291112246
2018-12-26,0.2796723211609675
2018-12-23,0.2352370677813555
2018-12-20,0.2098539210016675
2018-12-17,0.2466931435416538
2018-12-14,0.31325018301494145
2018-12-11,0.24082839992668248
2018-12-08,0.2512845059738552
2018-12-05,0.243288086506588
2018-12-02,0.20545049267125767
2018-11-29,0.18860849594215753
2018-11-26,0.27626401571873077
2018-11-23,0.26228164062957215
2018-11-20,0.18825894931965761
2018-11-17,0.17530117412453539
2018-11-14,0.19161366723952086
2018-11-11,0.1892722947529745
2018-11-08,0.17025274034116264
2018-11-05,0.1728246621603412
2018-11-02,0.2176605923456916
2018-10-30,0.22462804549040785
2018-10-28,0.18931529488732676
2018-10-25,0.18474246045101891
2018-10-22,0.2074388430682035
2018-10-19,0.19050339055088183
2018-10-16,0.18510092451597976
2018-10-13,0.20056163147124864
2018-10-10,0.19626939428478654
2018-10-07,0.19344013108479716
2018-10-04,0.2025616620133858
2018-10-01,0.20666745839101766
2018-09-28,0.19818814610020005
2018-09-25,0.2242199424340142
2018-09-22,0.19733356261857332
2018-09-19,0.20427112596303917
2018-09-16,0.17889996692010207
2018-09-13,0.19065705932793617
2018-09-10,0.17871636588842355
2018-09-07,0.19666672544472732
2018-09-04,0.13738489687356145
2018-09-01,0.16863952978515298
2018-08-29,0.1587378565080813
2018-08-26,0.20742571831455295
2018-08-23,0.17403603907015988
2018-08-20,0.18172442761114893
2018-08-17,0.1761315239981247
2018-08-14,0.1671809778723589
2018-08-11,0.19998776685712782
2018-08-08,0.17743794440928598
2018-08-05,0.16134622646511892
2018-08-02,0.14378006785561628
2018-07-30,0.11627117450144682
2018-07-27,0.12660524388496214
2018-07-24,0.11781633509503418
2018-07-21,0.11457191599769895
2018-07-18,0.14633706154513831
2018-07-15,0.1343632000974306
2018-07-12,0.14561905325075614
2018-07-09,0.13072961148240206
2018-07-06,0.15539501699842456
2018-07-03,0.11358724579096793
2018-06-30,0.13964083155634022
2018-06-27,0.12488223648878724
2018-06-24,0.17571957058294227
2018-06-21,0.1598668173209959
2018-06-18,0.15043220475614097
2018-06-15,0.145271210243256
2018-06-12,0.13576683675992138
2018-06-09,0.1161324630619324
2018-06-06,0.11915852347914081
2018-06-03,0.11358856654146947
2018-05-31,0.12132646237036196
2018-05-28,0.11685173256500565
2018-05-25,0.12591798568795057
2018-05-22,0.09684580910643073
2018-05-19,0.09639509932729663
2018-05-16,0.11061307698071435
2018-05-13,0.08768771570580433
2018-05-10,0.08524262210285512
2018-05-07,0.08005666604067109
2018-05-04,0.07103118024917794
2018-05-01,0.08688547249790748
2018-04-28,0.06857545995057936
2018-04-25,0.06644055079420458
2018-04-22,0.08681565241831592
2018-04-19,0.10269849030102919
2018-04-16,0.08370049658607397
2018-04-13,0.09156643837756176
2018-04-10,0.10451680052189276
2018-04-07,0.11391948479428962
2018-04-04,0.0939651472184623
2018-04-01,0.10362745853375685
2018-03-29,0.09622664301785422
2018-03-26,0.0830760032781004
2018-03-22,0.06922163551337646
2018-03-19,0.067223272184346
2018-03-16,0.07736087069169248
2018-03-13,0.06756580591449776
2018-03-10,0.07409724777118151
2018-03-07,0.07008534237523516
2018-03-04,0.05585663258632409
2018-03-01,0.0562012689748845
2018-02-26,0.06074995437652221
2018-02-23,0.055284262476179
2018-02-20,0.05827196514575117
2018-02-17,0.054886039778325284
2018-02-14,0.051866109959421695
2018-02-11,0.07714388567552659
2018-02-08,0.06162834541397864
2018-02-05,0.09276481622648237
2018-02-02,0.06133585438431328
2018-01-30,0.039475153425771424
2018-01-27,0.04698504918814808
2018-01-24,0.04969813504384942
2018-01-21,0.04248074313917162
2018-01-18,0.04267462946712275
2018-01-15,0.03369802793478594
2018-01-12,0.03087460189309342
2018-01-09,0.02849494938075356
2018-01-06,0.023963890700612077
2018-01-03,0.028148159057914554
2017-12-31,0.03089393790118381
2017-12-28,0.030840350564988923
2017-12-25,0.027319737510209722
2017-12-22,0.027227955180254816
2017-12-19,0.02073774207418592
2017-12-16,0.02172134038850631
2017-12-13,0.026008638036691064
2017-12-10,0.02506748181005326
2017-12-07,0.01966965444353171
2017-12-04,0.029536157845706037
2017-12-01,0.028461625463723158
2017-11-28,0.03298146263456879
2017-11-25,0.033422479146829956
2017-11-22,0.03720105721730384
2017-11-19,0.042865403173191756
2017-11-16,0.0416106726582361
2017-11-13,0.03814043587016109
2017-11-10,0.023730489865257505
2017-11-07,0.04193000920464165
2017-11-04,0.039886205957199314
2017-11-01,0.046237552183177134
2017-10-29,0.04984501693009692
2017-10-27,0.037734387610304766
2017-10-24,0.05198195786991466
2017-10-21,0.04357949172088422
2017-10-18,0.04646227316101348
2017-10-15,0.05911811000407118
2017-10-12,0.04533470604836836
2017-10-09,0.05438004072988272
2017-10-06,0.059015874362025884
2017-10-03,0.06837125286426578
2017-09-30,0.06462730009859538
2017-09-27,0.07067107474809112
2017-09-24,0.07933345769301094
2017-09-21,0.09785408581175586
2017-09-18,0.06327113310430711
2017-09-15,0.08357674379406388
2017-09-12,0.07663236216695865
2017-09-09,0.06741546676949192
2017-09-06,0.05955757151586148
2017-09-03,0.054653714074170245
2017-08-31,0.05634510629265407
2017-08-28,0.04789453403381024
2017-08-25,0.03760237307959787
2017-08-22,0.03664064333696586
2017-08-19,0.060721595081596594
2017-08-16,0.05024796327842294
2017-08-13,0.061534451761749646
2017-08-10,0.06677276464093455
2017-08-07,0.07136953556827152
2017-08-04,0.09715055222848461
2017-08-01,0.08643114934631684
2017-07-29,0.09050877337894114
2017-07-26,0.08565794468866313
2017-07-23,0.09274747848336132
2017-07-20,0.08516288491730811
2017-07-17,0.0979637433092641
2017-07-14,0.09195193836693277
2017-07-11,0.09579397222930093
2017-07-08,0.0833075929969821
2017-07-05,0.07428711122380025
2017-07-02,0.09705974615925621
2017-06-29,0.06629054428388165
2017-06-26,0.08219139498734207
2017-06-23,0.08187628347266077
2017-06-20,0.07117154012791492
2017-06-17,0.07656149105520918
2017-06-14,0.07477704705280407
2017-06-11,0.06594339159414582
2017-06-08,0.07870717302153471
2017-06-05,0.08182462635513942
2017-06-02,0.069190649433286
2017-05-30,0.09730810377147507
2017-05-27,0.09737234736078752
2017-05-24,0.07386771237072672
2017-05-21,0.0793855586267408
2017-05-18,0.0824134985155639
2017-05-15,0.10767553341690272
2017-05-12,0.09866017234676917
2017-05-09,0.09084153976713831
2017-05-06,0.10949673311478816
2017-05-03,0.0913410937085518
2017-04-30,0.11530269370266653
2017-04-27,0.11461643956346128
2017-04-24,0.10178592217010331
2017-04-21,0.14021366319652553
2017-04-18,0.12368531573802355
2017-04-15,0.1322164815280032
2017-04-12,0.11654676537723006
2017-04-09,0.13181858902334534
2017-04-06,0.1222980752526397
2017-04-03,0.1516808486466515
2017-03-31,0.12148618887427833
2017-03-28,0.1361351232489942
2017-03-24,0.13087713547606356
2017-03-21,0.13218798587804412
2017-03-18,0.1568895569442389
2017-03-15,0.10883408744778682
2017-03-12,0.10561795005769105
2017-03-09,0.11672875563384662
2017-03-06,0.10685360669373976
2017-03-03,0.09354800201110854
2017-02-28,0.10407700546696015
2017-02-25,0.13256320478833183
2017-02-22,0.11437330139803265
2017-02-19,0.12015715616168042
2017-02-16,0.11986877922364854
2017-02-13,0.1391865642864669
2017-02-10,0.11462290816659844
2017-02-07,0.11203498005671017
2017-02-04,0.1244799538826396
2017-02-01,0.12059964704214576
2017-01-29,0.12043109498270707
2017-01-26,0.14055610666184706
2017-01-23,0.12268815857252491
2017-01-20,0.1315386025310567
2017-01-17,0.10834294715320407
2017-01-14,0.13288520843390314
2017-01-11,0.14466987639219672
2017-01-08,0.09180954337241454
2017-01-05,0.09765620387784343
2017-01-02,0.09848999746555534
2016-12-30,0.10653858548301195
2016-12-27,0.12151826229729915
2016-12-24,0.12516145434553927
2016-12-21,0.12884620735357258
2016-12-18,0.1295732229348523
2016-12-15,0.11525909890856133
2016-12-12,0.14246324299566795
2016-12-09,0.10647769650639978
2016-12-06,0.14257456405376573
2016-12-03,0.1197368429026654
2016-11-30,0.12029395156265356
2016-11-27,0.1374962447585532
2016-11-24,0.12587725444421619
2016-11-21,0.11123302256933847
2016-11-18,0.11583139141439129
2016-11-15,0.13405152772056209
2016-11-12,0.11233346310335211
2016-11-09,0.12888809984064956
2016-11-06,0.11373806659270519
2016-11-03,0.09280964236899517
2016-10-31,0.11360698329583993
2016-10-29,0.11510877234864093
2016-10-26,0.11286517704928997
2016-10-23,0.12123656225142122
2016-10-20,0.1192810717798122
2016-10-17,0.1102183632185811
2016-10-14,0.1195939518788724
2016-10-11,0.12209870440252898
2016-10-08,0.15338521024179216
2016-10-05,0.14287639303508343
2016-10-02,0.12104733113666717
2016-09-29,0.1195351846868094
2016-09-26,0.12738848520997878
2016-09-23,0.10743827754041062
2016-09-20,0.1195439206878814
2016-09-17,0.12781028607614817
2016-09-14,0.12129880562023676
2016-09-11,0.1256335785239879
2016-09-08,0.10677442832207636
2016-09-05,0.10748508836303182
2016-09-02,0.12357157017526291
2016-08-30,0.13271145303926699
2016-08-27,0.11582694496454661
2016-08-24,0.12040697630347315
2016-08-21,0.12814738188243696
2016-08-18,0.12238862089806125
2016-08-15,0.11794323776799513
2016-08-12,0.1080608551631765
2016-08-09,0.08999098766182449
2016-08-06,0.12100159502567495
2016-08-03,0.12630726185385127
2016-07-31,0.11039903666471536
2016-07-28,0.0936992074707905
2016-07-25,0.090629229424613
2016-07-22,0.08915465875774865
2016-07-19,0.08555869273873133
2016-07-16,0.10675909324144728
2016-07-13,0.08909990570576165
2016-07-10,0.1075072679543786
2016-07-07,0.04831185461121036
2016-07-04,0.04956010520641777
2016-07-01,0.051040960375017756
2016-06-28,0.08791002081295392
2016-06-25,0.09543095688754445
2016-06-22,0.08360862524159511
2016-06-19,0.08317454391250372
2016-06-16,0.06946099587386698
2016-06-13,0.08181491303382826
2016-06-10,0.08896347154616988
2016-06-07,0.08975961845257215
2016-06-04,0.0755575362938772
2016-06-01,0.09757856041611128
2016-05-29,0.10195319365219407
2016-05-26,0.11009489741439842
2016-05-23,0.14456664247202847
2016-05-20,0.11945079050959029
2016-05-17,0.10998888134573116
2016-05-14,0.11195820790058764
2016-05-11,0.10378102216970622
2016-05-08,0.11604348449359612
2016-05-05,0.11387755572847585
2016-05-02,0.11474483029206375
2016-04-29,0.11287265491565324
2016-04-26,0.10549738542575404
2016-04-23,0.1043622379461206
2016-04-20,0.1222371740830263
2016-04-17,0.1168221917160899
2016-04-14,0.1271977863061314
2016-04-11,0.10861694644019412
2016-04-08,0.10217977661384303
2016-04-05,0.10733683457470257
2016-04-02,0.10814410090242463
2016-03-30,0.1606928710618154
2016-03-26,0.15342605748948443
2016-03-23,0.15096254861523034
2016-03-20,0.12783704216377534
2016-03-17,0.13791580345471224
2016-03-14,0.14666434520923596
2016-03-11,0.1376154829695486
2016-03-08,0.159782023013766
2016-03-05,0.13838347517452276
2016-03-02,0.12945257779745573
2016-02-28,0.12911737702738296
2016-02-25,0.1462293344825702
2016-02-22,0.12806316351579872
2016-02-19,0.15480057598156352
2016-02-16,0.12487689186165948
2016-02-13,0.16797639118558563
2016-02-10,0.18403015542132078
2016-02-07,0.15541304898294847
2016-02-04,0.13976950007261205
2016-02-01,0.13359050813395687
2016-01-29,0.1419979939937019
2016-01-26,0.11918172051773858
2016-01-23,0.12271207212267515
2016-01-20,0.09109513307794347
2016-01-17,0.13108939383112564
2016-01-14,0.08194670670010126
2016-01-11,0.10315237179280953
2016-01-08,0.09215966101328582
2016-01-05,0.08270711394437168
2016-01-02,0.09031603022347881
2015-12-30,0.09202357532520455
2015-12-27,0.09342724356537195
2015-12-24,0.07207695319268753
2015-12-21,0.07876441795467218
2015-12-18,0.08189157001446555
2015-12-15,0.07511005873207435
2015-12-12,0.07090329522613312
2015-12-09,0.0974465916602265
2015-12-06,0.07998627023044357
2015-12-03,0.07710614491712761
2015-11-30,0.09699635468305214
2015-11-27,0.0776871972918815
2015-11-24,0.09178324361568449
2015-11-21,0.0920256041702226
2015-11-18,0.07224414503368079
2015-11-15,0.09485777575679359
2015-11-12,0.08513140803743546
2015-11-09,0.061264459414660265
2015-11-06,0.07109458469590688
2015-11-03,0.06310337630267154
2015-10-31,0.08262272053226147
2015-10-28,0.07922828997423574
2015-10-25,0.08568517915107594
2015-10-23,0.08887400758390583
2015-10-20,0.07515348637557635
2015-10-17,0.0770366015109686
2015-10-14,0.09623619317000426
2015-10-11,0.09666963363967845
2015-10-08,0.09006954471969558
2015-10-05,0.0981241774256059
2015-10-02,0.08399880647933916
2015-09-29,0.1467074179871169
2015-09-26,0.1300627901373401
2015-09-23,0.13059644209774168
2015-09-20,0.1042102647965354
2015-09-17,0.11814272586609373
2015-09-14,0.1327549646791345
2015-09-11,0.1388290449374741
2015-09-08,0.1100499532365698
2015-09-05,0.12390645111488374
2015-09-02,0.12319172908806514
2015-08-30,0.11555492241801767
2015-08-27,0.12181547680770231
2015-08-24,0.13616037061150565
2015-08-21,0.11781526854062475
2015-08-18,0.12130675180488518
2015-08-15,0.09133699965109755
2015-08-12,0.08226084009604288
2015-08-09,0.0908910397472831
2015-08-06,0.088884306726708
2015-08-03,0.09229697379791162
2015-07-31,0.08634285774448748
2015-07-28,0.08528552903622817
2015-07-25,0.0937896832154031
2015-07-22,0.09154322185409758
2015-07-19,0.09032366191650451
2015-07-16,0.08441893334240724
2015-07-13,0.08566661703053605
2015-07-10,0.09140811816874685
2015-07-07,0.0926220325279248
2015-07-04,0.09934150783589854
2015-07-01,0.09365669975165024
2015-06-28,0.11709478128283153
2015-06-25,0.13072108478757316
2015-06-22,0.1190132283162577
2015-06-19,0.13073083896067758
2015-06-16,0.09749741094187873
2015-06-13,0.12931103513476602
2015-06-10,0.13126506202483293
2015-06-07,0.14201720288032266
2015-06-04,0.12032887937358727
2015-06-01,0.11961480797767725
2015-05-29,0.12905461345596972
2015-05-26,0.1110393831068237
2015-05-23,0.0978262354044636
2015-05-20,0.11843687118223485
2015-05-17,0.14245658057860217
2015-05-14,0.112565751809865
2015-05-11,0.11718134030711518
2015-05-08,0.11556642643972198
2015-05-05,0.12415546413715339
2015-05-02,0.11892388110861787
2015-04-29,0.10839147945467671
2015-04-26,0.12923004182471576
2015-04-23,0.1110631803893883
2015-04-20,0.1458716829358681
2015-04-17,0.11852065979897392
2015-04-14,0.14219098940297295
2015-04-11,0.11438124969418458
2015-04-08,0.09601967855165272
2015-04-05,0.11440775603975449
2015-04-02,0.10824310683731038
2015-03-30,0.11347521624819253
2015-03-26,0.13674632026905023
2015-03-23,0.12390125604808293
2015-03-20,0.10960991495418063
2015-03-17,0.0990427983400364
2015-03-14,0.10470046205831035
2015-03-11,0.09019646386220316
2015-03-08,0.0965252368100788
2015-03-05,0.11325177697753439
2015-03-02,0.11031379908466991
2015-02-27,0.10501286244787698
2015-02-24,0.12910115329174818
2015-02-21,0.1163926622331913
2015-02-18,0.130507943553936
2015-02-15,0.12717360083309392
2015-02-12,0.11874320652094442
2015-02-09,0.12822210914063337
2015-02-06,0.13526890694854626
2015-02-03,0.12373114675087117
2015-01-31,0.13645995963772906
2015-01-28,0.12720244813459983
2015-01-25,0.0933993651835156
2015-01-22,0.09912068829225551
2015-01-19,0.10389234780310683
2015-01-16,0.12251702945215667
2015-01-13,0.1260373750650465
2015-01-10,0.09207468034722169
2015-01-07,0.07910199719716753
2015-01-04,0.10927049943148599
2015-01-01,0.08756337649368129
2014-12-29,0.08503160286612774
2014-12-26,0.08874989562696889
2014-12-23,0.0821163155103496
2014-12-20,0.08006393742135655
2014-12-17,0.07938641285079857
2014-12-14,0.08025645616623638
2014-12-11,0.07470500562403624
2014-12-08,0.07081631938974835
2014-12-05,0.0710051374446078
2014-12-02,0.05886765576764969
2014-11-29,0.07739111888117081
2014-11-26,0.06627552599802729
2014-11-23,0.07847772194972104
2014-11-20,0.06435889953103643
2014-11-17,0.07064799858191918
2014-11-14,0.06890112441248071
2014-11-11,0.06715618808113806
2014-11-08,0.07359886285665634
2014-11-05,0.07790439955767642
2014-11-02,0.07889779776512464
2014-10-30,0.09046144920010019
2014-10-27,0.07045911797612493
2014-10-25,0.07285678319133303
2014-10-22,0.07220937979579975
2014-10-19,0.055397026007208944
2014-10-16,0.06330325729226913
2014-10-13,0.06329871223960573
2014-10-10,0.07133111350295583
2014-10-07,0.07169734370739084
2014-10-04,0.06945089526585824
2014-10-01,0.06051185678566259
2014-09-28,0.07081568618531807
2014-09-25,0.06539891939295704
2014-09-22,0.06445483510921714
2014-09-19,0.06764923686319801
2014-09-16,0.059931953558570075
2014-09-13,0.055991221117109635
2014-09-10,0.049494698851950174
2014-09-07,0.05163684440178555
2014-09-04,0.051756787723207145
2014-09-01,0.04794315115326069
2014-08-29,0.043096546463333434
2014-08-26,0.04283594537833355
2014-08-23,0.041519098508887964
2014-08-20,0.04053849016678501
2014-08-17,0.036586444223792
2014-08-14,0.036721208004405176
2014-08-11,0.03434571383062908
2014-08-08,0.029662667582514318
2014-08-05,0.023385933819516112
2014-08-02,0.029635302735230597
2014-07-30,0.031992553786993776
2014-07-27,0.028080350597405285
2014-07-24,0.02368583097175776
2014-07-21,0.02289415059458574
2014-07-18,0.024224318584789892
2014-07-15,0.02128372130428178
2014-07-12,0.024206284175071053
2014-07-09,0.023693304414304044
2014-07-06,0.021873254050426623
2014-07-03,0.01914198305181873
2014-06-30,0.0255539034855872
2014-06-27,0.03258787234433171
2014-06-24,0.035560879320759894
2014-06-21,0.03297384325510576
2014-06-18,0.02919721474923282
2014-06-15,0.02862385325176902
2014-06-12,0.024034537056752306
2014-06-09,0.019068924381579345
2014-06-06,0.020603758188256344
2014-06-03,0.022786894075496975
2014-05-31,0.019723206117468934
2014-05-28,0.024824213698088685
2014-05-25,0.021384382038859603
2014-05-22,0.021816575867234043
2014-05-19,0.02718545058563966
2014-05-16,0.027836102727097956
2014-05-13,0.026430006944386953
2014-05-10,0.02412197972923713
2014-05-07,0.022993111934593174
2014-05-04,0.021586279582257645
2014-05-01,0.022722115990558543
2014-04-28,0.020370361868638342
2014-04-25,0.01919988854689823
2014-04-22,0.017041162852818682
2014-04-19,0.017540072136931508
2014-04-16,0.013374339531598592
2014-04-13,0.022750927198363496
2014-04-10,0.02268399566083178
2014-04-07,0.015382886162152035
2014-04-04,0.01739650006859749
2014-04-01,0.014516988538304992
2014-03-28,0.01563467218787848
2014-03-25,0.012243617160724245
2014-03-22,0.013940457075477022
2014-03-19,0.010529140657546468
2014-03-16,0.010838048587909918
2014-03-13,0.00838107395324466
2014-03-10,0.00924367355756562
2014-03-07,0.009599579136291852
2014-03-04,0.00832119280752722
2014-03-01,0.009102017511790978
2014-02-26,0.00883521619530813
2014-02-23,0.008497890668588186
2014-02-20,0.00853738143180708
2014-02-17,0.007552314206137874
2014-02-14,0.0064578022745017186
2014-02-11,0.005899913965774435
2014-02-08,0.005317728879722995
2014-02-05,0.004884464005092439
2014-02-02,0.004672566510451391
2014-01-30,0.004464414994630005
2014-01-27,0.004268476362031337
2014-01-24,0.003857079154428944
2014-01-21,0.003558660140084821
2014-01-18,0.003551672170934004
2014-01-15,0.003761279482037037
2014-01-12,0.003814392600851873
2014-01-09,0.0030503174175491323
2014-01-06,0.002518936411955889
2014-01-03,0.0023108207044547423
2013-12-31,0.0026631706023871396
2013-12-28,0.00207747682610575
2013-12-25,0.0026415659027732804
2013-12-22,0.00259453797585853
2013-12-19,0.0022620597931235155
2013-12-16,0.0021636847921266775
2013-12-13,0.0017363242511557794
2013-12-10,0.0012379374315076171
2013-12-07,0.0015461170623678698
2013-12-04,0.0008960355509058542
2013-12-01,0.0010288572200820908
2013-11-28,0.0010827110404662969
2013-11-25,0.0010674316000859134
2013-11-22,0.00109236951205007
2013-11-19,0.0014502769387459678
2013-11-16,0.0022807428852686462
2013-11-13,0.001807417493103337
2013-11-10,0.00260107369243077
2013-11-07,0.0019571047952930847
2013-11-04,0.0024721742744703576
2013-11-01,0.0035128220309210397
2013-10-29,0.00319930440635804
2013-10-27,0.0030055139581631625
2013-10-24,0.002406942121199313
2013-10-21,0.002524368882447502
2013-10-18,0.0025310739941994944
2013-10-15,0.002753340435966175
2013-10-12,0.0023486450800335864
2013-10-09,0.002258792416946865
2013-10-06,0.00252786643160489
2013-10-03,0.0021378985057392283
2013-09-30,0.001837930475733594
2013-09-27,0.0019631229961509424
2013-09-24,0.0017939734121223065
2013-09-21,0.0016646117877466764
2013-09-18,0.0012984504934684528
2013-09-15,0.0015805849995785635
2013-09-12,0.0013642033431067418
2013-09-09,0.0013255059503307913
2013-09-06,0.0013920167469768875
2013-09-03,0.0008936343981595671
2013-08-31,0.0010492824635891355
2013-08-28,0.0008995528434067091
2013-08-25,0.0007726048720899529
2013-08-22,0.0008754497734732109
2013-08-19,0.0007639429055674394
2013-08-16,0.0008044193115815952
2013-08-13,0.0008988983648282317
2013-08-10,0.0007257045551701047
2013-08-07,0.0006188354990235914
2013-08-04,0.0006109954481997819
2013-08-01,0.0005574987618342897
2013-07-29,0.000515032391012989
2013-07-26,0.0005827905655087737
2013-07-23,0.000475673047204201
2013-07-20,0.0005491768228446289
2013-07-17,0.0004512132040102778
2013-07-14,0.0004522943178202424
2013-07-11,0.0005676007452518998
2013-07-08,0.0005201269025858783
2013-07-05,0.0005550093665591699
2013-07-02,0.0003743028863776088
2013-06-29,0.0005780150941694735
2013-06-26,0.0005619236271765274
2013-06-23,0.0005043286935360231
2013-06-20,0.00040811520811731447
2013-06-17,0.00046728302751580884
2013-06-14,0.000427152085744253
2013-06-11,0.00040395401770003554
2013-06-08,0.00038543765483682135
2013-06-05,0.00041440671465781137
2013-06-02,0.0003229581944045534
2013-05-30,0.00025428862012906396
2013-05-27,0.0002573842415126764
2013-05-24,0.00021719999488891087
2013-05-21,0.0002166269935497309
2013-05-18,0.0002124229210898605
2013-05-15,0.0002296778664748345
2013-05-12,0.0002490613045671863
2013-05-09,0.0002368274146666976
2013-05-06,0.00023331875322531303
2013-05-03,0.00024176882110452273
2013-04-30,0.00017233094588846431
2013-04-27,0.00017785872339972855
2013-04-24,0.00016263196324805187
2013-04-21,0.00020903774433796038
2013-04-18,0.00021414469286295385
2013-04-15,0.0002377473375002561
2013-04-12,0.00018113289081148136
2013-04-09,8.948895528451033e-05
2013-04-06,0.00014430555268407365
2013-04-03,0.00014080795229143035
2013-03-30,0.001416313712876532
2013-03-27,0.0016733561796001162
2013-03-24,0.0015817350791990702
2013-03-21,0.0019098577358253556
2013-03-18,0.00229818769047429
2013-03-15,0.0022546121660118913
2013-03-12,0.0018827096700654497
2013-03-09,0.0021421902780900427
2013-03-06,0.002008439764556821
2013-03-03,0.0027498315322544544
2013-02-28,0.002565366232295818
2013-02-25,0.002307673285097023
2013-02-22,0.002426775401048975
2013-02-19,0.0026647961718685147
2013-02-16,0.0027794771615271023
2013-02-13,0.0027544664157635825
2013-02-10,0.002697596191925242
2013-02-07,0.002783971652858064
2013-02-04,0.0034215991164710823
2013-02-01,0.0028985838476512744
2013-01-29,0.0027362477650750513
2013-01-26,0.0031276783941573093
2013-01-23,0.003409584345744978
2013-01-20,0.0037527871833080402
2013-01-17,0.0032535782594705076
2013-01-14,0.003578981139468095
2013-01-11,0.0033906702586444497
2013-01-08,0.003923919698115643
2013-01-05,0.003900871211462938
2013-01-02,0.004455452901767308
2012-12-30,0.038369540374620335
2012-12-27,0.04030347696188271
2012-12-24,0.031909547162029456
2012-12-21,0.03699924041270655
2012-12-18,0.03740259974533051
2012-12-15,0.029651841777963726
2012-12-12,0.03449520146234317
2012-12-09,0.03761838128834141
2012-12-06,0.03303896310837528
2012-12-03,0.0310583323679899
2012-11-30,0.045195750656454176
2012-11-27,0.04909616232575153
2012-11-24,0.03940916793132158
2012-11-21,0.04331797819570766
2012-11-18,0.036643328415049914
2012-11-15,0.043681013759932656
2012-11-12,0.04292753591138198
2012-11-09,0.05040095421692809
2012-11-06,0.04906169942784995
2012-11-03,0.0512178830026852
2012-10-31,0.04107766145542042
2012-10-28,0.04668128463285406
2012-10-26,0.050130041822850094
2012-10-23,0.03718175585434493
2012-10-20,0.037250112762450674
2012-10-17,0.03773098095287445
2012-10-14,0.037076730124756714
2012-10-11,0.03617955338832141
2012-10-08,0.044343997139929855
2012-10-05,0.03381323396802823
2012-10-02,0.031314554698387585
2012-09-29,0.04665428973192138
2012-09-26,0.0401242260009215
2012-09-23,0.04196001791832522
2012-09-20,0.04106582731031441
2012-09-17,0.04790173144155922
2012-09-14,0.04487556618604497
2012-09-11,0.04515401264548972
2012-09-08,0.04088948373157239
2012-09-05,0.0478295964046902
2012-09-02,0.043990540837882654
2012-08-30,0.042995639125266265
2012-08-27,0.039891973228877484
2012-08-24,0.0387047368735304
2012-08-21,0.04795065796879724
2012-08-18,0.03346684093244515
2012-08-15,0.03387802851047837
2012-08-12,0.03820175235725966
2012-08-09,0.035127611469536316
2012-08-06,0.031792104056877796
2012-08-03,0.038499269076303765
2012-07-31,0.03484522080278201
2012-07-28,0.04290117805617737
2012-07-25,0.039217005449797705
2012-07-22,0.03701991645462992
2012-07-19,0.036186708697064245
2012-07-16,0.036627922421861706
2012-07-13,0.04407895336181418
2012-07-10,0.04391024844510448
2012-07-07,0.05282033966753671
2012-07-04,0.05115787423397333
2012-07-01,0.04295908785941614
2012-06-28,0.046941133300156
2012-06-25,0.05554277290269615
2012-06-22,0.049398929896653315
2012-06-19,0.05882073433563939
2012-06-16,0.05262815529486134
2012-06-13,0.05725980266977126
2012-06-10,0.06550584331927696
2012-06-07,0.047668692783676046
2012-06-04,0.06040789230789673
2012-06-01,0.06030711323526658
2012-05-29,0.056058839481905015
2012-05-26,0.05604911569012572
2012-05-23,0.05409076770316672
2012-05-20,0.06407219829455163
2012-05-17,0.05346561953018619
2012-05-14,0.06568262759168761
2012-05-11,0.057128361098364604
2012-05-08,0.07357851163021947
2012-05-05,0.06160362588328969
2012-05-02,0.060589955323637444
2012-04-29,0.06758703237973865
2012-04-26,0.06345227424225254
2012-04-23,0.0625178291265122
2012-04-20,0.060958409218554714
2012-04-17,0.059631936284429844
2012-04-14,0.056053857847040346
2012-04-11,0.06292506594441862
2012-04-08,0.06581842144004652
2012-04-05,0.052278825951752095
2012-04-02,0.05535527595938978
2012-03-30,0.08076302219727419
2012-03-27,0.07416409624288892
2012-03-23,0.08860763527807523
2012-03-20,0.0811319555755085
2012-03-17,0.07214266706416173
2012-03-14,0.057883184792712906
2012-03-11,0.08324391825204562
2012-03-08,0.08158693325261193
2012-03-05,0.07158993564861894
2012-03-02,0.06108541872292968
2012-02-28,0.08462849399451566
2012-02-25,0.07068143628050738
2012-02-22,0.08430968585264603
2012-02-19,0.07387389786423798
2012-02-16,0.0739261452985931
2012-02-13,0.057538609274876064
2012-02-10,0.05190104454519735
2012-02-07,0.051594068255206474
2012-02-04,0.0515294522399033
2012-02-01,0.05659527218091684
2012-01-29,0.06510769127058576
2012-01-26,0.02745747765518249
2012-01-23,0.022404955866360713
2012-01-20,0.027741192825755004
2012-01-17,0.025574440539915772
2012-01-14,0.02210637434027869
2012-01-11,0.024211494581094454
2012-01-08,0.022800481807792716
2012-01-05,0.022878351839506594
2012-01-02,0.02903863209253027
2011-12-30,0.055943243661648025
2011-12-27,0.05442593188691405
2011-12-24,0.06493120191219756
2011-12-21,0.052138646858419915
2011-12-18,0.06953514338266503
2011-12-15,0.05697891707340138
2011-12-12,0.06052918667654488
2011-12-09,0.07337654966059785
2011-12-06,0.06735965722179092
2011-12-03,0.06809991777812364
2011-11-30,0.08622100958035518
2011-11-27,0.07589922581863806
2011-11-24,0.0811815101548483
2011-11-21,0.08930602286124252
2011-11-18,0.09556343449964824
2011-11-15,0.08664448097768784
2011-11-12,0.07426550084708175
2011-11-09,0.07526295349859304
2011-11-06,0.06783709153764582
2011-11-03,0.06946468673039152
2011-10-31,0.06883073366507915
2011-10-29,0.06214232578312771
2011-10-26,0.07351016096699312
2011-10-23,0.061880481307518456
2011-10-20,0.08201700828665628
2011-10-17,0.0825273992021702
2011-10-14,0.07192136789316846
2011-10-11,0.057982005773279104
2011-10-08,0.06901355513386948
2011-10-05,0.06047182210221866
2011-10-02,0.056036109530549875
2011-09-29,0.07230429247772284
2011-09-26,0.07535950817446628
2011-09-23,0.0645261117082232
2011-09-20,0.0605435868712689
2011-09-17,0.06860004729982572
2011-09-14,0.07238164331753569
2011-09-11,0.06362023399492163
2011-09-08,0.05151557129312382
2011-09-05,0.05464572634583605
2011-09-02,0.05061524128557038
2011-08-30,0.048352698479415805
2011-08-27,0.04200855552543346
2011-08-24,0.03325732159277629
2011-08-21,0.03514712839110432
2011-08-18,0.040097648482550145
2011-08-15,0.03675333368630273
2011-08-12,0.0416998638263293
2011-08-09,0.038265160677051886
2011-08-06,0.0541596321209097
2011-08-03,0.04920783958479353
2011-07-31,0.032299579132936934
2011-07-28,0.03173743929128755
2011-07-25,0.028735888655370825
2011-07-22,0.026795726810257343
2011-07-19,0.028041851991044774
2011-07-16,0.02764108458444347
2011-07-13,0.031127340912193966
2011-07-10,0.022987448578974397
2011-07-07,0.02193840553182901
2011-07-04,0.024712336495434237
2011-07-01,0.024430256016180322
2011-06-28,0.020716685849891774
2011-06-25,0.01986290441332764
2011-06-22,0.02253675693050636
2011-06-19,0.018239493956469132
2011-06-16,0.017232597494285833
2011-06-13,0.011647479077216805
2011-06-10,0.00889477392075422
2011-06-07,0.006667930073143068
2011-06-04,0.008267619522006477
2011-06-01,0.013453780912586038
2011-05-29,0.014836953610150418
2011-05-26,0.014672323924478432
2011-05-23,0.015715741224621126
2011-05-20,0.016271274813733548
2011-05-17,0.009441971972866363
2011-05-14,0.009013709309625782
2011-05-11,0.008877398709177552
2011-05-08,0.0096886432811608
2011-05-05,0.012441763189317062
2011-05-02,0.010137183671545856
2011-04-29,0.010764225960507455
2011-04-26,0.01650779335584087
2011-04-23,0.01534319111864157
2011-04-20,0.01935498715249066
2011-04-17,0.021918011503036034
2011-04-14,0.02230598435932729
2011-04-11,0.02736184533650615
2011-04-08,0.028492801610415074
2011-04-05,0.03264152535214185
2011-04-02,0.02771174105692183
2011-03-30,0.024037743887684492
2011-03-26,0.021781795224716155
2011-03-23,0.024052428084036605
2011-03-20,0.02810369008517853
2011-03-17,0.02248222469322973
2011-03-14,0.014551025969077796
2011-03-11,0.020926025264796526
2011-03-08,0.024388438277293926
2011-03-05,0.029077451791462223
2011-03-02,0.019101651919901694
2011-02-27,0.01837862338858794
2011-02-24,0.014300747835846072
2011-02-21,0.016327020685445098
2011-02-18,0.012591612854018497
2011-02-15,0.01010378157202177
2011-02-12,0.008674060467522646
2011-02-09,0.007942649316535167
2011-02-06,0.00887333457637177
2011-02-03,0.01069587463200792
2011-01-31,0.013373798864947774
2011-01-28,0.013047011613466027
2011-01-25,0.01549070679877226
2011-01-22,0.012458057893459596
2011-01-19,0.017457354976609142
2011-01-16,0.014585211074566324
2011-01-13,0.015752180460243452
2011-01-10,0.014231712927881616
2011-01-07,0.017297234756450307
2011-01-04,0.014477404272614274
2011-01-01,0.015375319783511383
