date,hardware_name,TH/J,max_efficiency,year
2011-02-19 07:33:30,gtx460,4.27e-07,3.78e-06,2011
2011-02-27 21:32:08,5870,1.906e-06,3.78e-06,2011
2011-03-01 13:33:58,6870,1.7264e-06,3.78e-06,2011
2011-03-01 13:33:58,5870,1.906e-06,3.78e-06,2011
2011-03-01 17:03:07,9400gt,6.7e-08,3.78e-06,2011
2011-03-02 03:06:15,4850,7.956e-07,3.78e-06,2011
2011-03-02 03:06:15,4850,7.956e-07,3.78e-06,2011
2011-03-03 12:24:02,6950,1.9399e-06,3.78e-06,2011
2011-03-04 22:50:54,5870,1.906e-06,3.78e-06,2011
2011-03-06 07:38:51,5870,1.906e-06,3.78e-06,2011
2011-03-06 07:38:51,5850,1.8195e-06,3.78e-06,2011
2011-03-06 14:10:34,5970,2.0053e-06,3.78e-06,2011
2011-03-08 03:58:44,6950,1.9399e-06,3.78e-06,2011
2011-03-08 03:58:44,6870,1.7264e-06,3.78e-06,2011
2011-03-08 03:58:44,8800gts,1.09e-07,3.78e-06,2011
2011-04-15 04:20:09,5970,2.0053e-06,3.78e-06,2011
2011-04-15 04:20:09,6950,1.9399e-06,3.78e-06,2011
2011-04-15 18:14:30,5870,1.906e-06,3.78e-06,2011
2011-04-17 14:41:46,6990,1.9056e-06,3.78e-06,2011
2011-04-17 14:41:46,5970,2.0053e-06,3.78e-06,2011
2011-04-17 14:41:46,5850,1.8195e-06,3.78e-06,2011
2011-04-17 14:41:46,5770,1.9401e-06,3.78e-06,2011
2011-04-18 00:56:02,8800gt,2.672e-07,3.78e-06,2011
2011-04-18 00:56:02,320m,3.5e-07,3.78e-06,2011
2011-04-18 03:43:25,8800gt,2.672e-07,3.78e-06,2011
2011-04-18 04:48:57,5870,1.906e-06,3.78e-06,2011
2011-04-18 14:53:13,5970,2.0053e-06,3.78e-06,2011
2011-04-18 14:53:13,5870,1.906e-06,3.78e-06,2011
2011-04-18 14:53:13,5770,1.9401e-06,3.78e-06,2011
2011-04-19 18:00:06,5770,1.9401e-06,3.78e-06,2011
2011-04-19 18:00:06,5570,1.7496e-06,3.78e-06,2011
2011-04-19 18:00:06,6990,1.9056e-06,3.78e-06,2011
2011-04-20 03:32:21,5970,2.0053e-06,3.78e-06,2011
2011-04-20 03:32:21,5870,1.906e-06,3.78e-06,2011
2011-04-21 02:52:03,5870,1.906e-06,3.78e-06,2011
2011-04-21 02:52:03,5850,1.8195e-06,3.78e-06,2011
2011-04-21 02:52:03,5770,1.9401e-06,3.78e-06,2011
2011-04-21 02:57:00,5870,1.906e-06,3.78e-06,2011
2011-04-21 21:24:27,5870,1.906e-06,3.78e-06,2011
2011-04-22 17:44:58,5970,2.0053e-06,3.78e-06,2011
2011-04-23 04:58:34,6850,1.3996e-06,3.78e-06,2011
2011-04-23 04:58:34,5870,1.906e-06,3.78e-06,2011
2011-04-23 04:58:34,6870,1.7264e-06,3.78e-06,2011
2011-05-01 05:10:56,5770,1.9401e-06,3.78e-06,2011
2011-05-07 10:31:48,6870,1.7264e-06,3.78e-06,2011
2011-05-07 18:20:20,5830,1.5452e-06,3.78e-06,2011
2011-05-07 22:40:37,5970,2.0053e-06,3.78e-06,2011
2011-05-08 14:52:21,6850,1.3996e-06,3.78e-06,2011
2011-05-08 14:52:21,6870,1.7264e-06,3.78e-06,2011
2011-05-08 14:52:21,5970,2.0053e-06,3.78e-06,2011
2011-05-08 14:52:21,5770,1.9401e-06,3.78e-06,2011
2011-05-08 17:51:57,6950,1.9399e-06,3.78e-06,2011
2011-05-08 17:51:57,5850,1.8195e-06,3.78e-06,2011
2011-05-08 19:06:34,5870,1.906e-06,3.78e-06,2011
2011-05-08 19:06:34,5870,1.906e-06,3.78e-06,2011
2011-05-09 02:46:47,5870,1.906e-06,3.78e-06,2011
2011-05-09 02:55:25,6870,1.7264e-06,3.78e-06,2011
2011-05-09 05:10:23,5870,1.906e-06,3.78e-06,2011
2011-05-09 05:10:23,5850,1.8195e-06,3.78e-06,2011
2011-05-09 05:10:23,4890,5.4e-07,3.78e-06,2011
2011-05-09 06:24:18,6870,1.7264e-06,3.78e-06,2011
2011-05-09 06:24:18,5870,1.906e-06,3.78e-06,2011
2011-05-09 06:24:18,6990,1.9056e-06,3.78e-06,2011
2011-05-15 05:12:19,5870,1.906e-06,3.78e-06,2011
2011-05-15 06:46:00,5970,2.0053e-06,3.78e-06,2011
2011-05-15 17:22:15,5870,1.906e-06,3.78e-06,2011
2011-05-15 19:26:53,5830,1.5452e-06,3.78e-06,2011
2011-05-15 19:36:02,5970,2.0053e-06,3.78e-06,2011
2011-05-15 19:36:02,5850,1.8195e-06,3.78e-06,2011
2011-05-16 00:41:16,6990,1.9056e-06,3.78e-06,2011
2011-05-16 00:41:16,6990,1.9056e-06,3.78e-06,2011
2011-05-16 04:18:24,5870,1.906e-06,3.78e-06,2011
2011-05-16 06:39:33,5970,2.0053e-06,3.78e-06,2011
2011-05-16 06:39:33,5870,1.906e-06,3.78e-06,2011
2011-05-16 07:57:12,5870,1.906e-06,3.78e-06,2011
2011-05-16 14:57:10,5870,1.906e-06,3.78e-06,2011
2011-05-16 22:42:00,9800gt,2.89e-07,3.78e-06,2011
2011-05-16 22:58:18,6990,1.9056e-06,3.78e-06,2011
2011-05-16 23:38:12,5850,1.8195e-06,3.78e-06,2011
2011-05-16 23:38:12,5750,1.401e-06,3.78e-06,2011
2011-05-16 23:50:16,6950,1.9399e-06,3.78e-06,2011
2011-05-20 20:49:21,5850,1.8195e-06,3.78e-06,2011
2011-05-22 20:36:42,6990,1.9056e-06,3.78e-06,2011
2011-05-22 21:38:53,5850,1.8195e-06,3.78e-06,2011
2011-05-22 22:45:58,5850,1.8195e-06,3.78e-06,2011
2011-05-22 23:53:38,5870,1.906e-06,3.78e-06,2011
2011-05-23 00:15:07,6850,1.3996e-06,3.78e-06,2011
2011-05-23 00:15:07,5770,1.9401e-06,3.78e-06,2011
2011-05-23 00:59:07,8800 gts,1.24e-07,3.78e-06,2011
2011-05-23 01:49:06,5870,1.906e-06,3.78e-06,2011
2011-05-23 01:49:06,4650,6.53e-07,3.78e-06,2011
2011-05-23 01:49:06,5770,1.9401e-06,3.78e-06,2011
2011-05-23 01:49:06,5850,1.8195e-06,3.78e-06,2011
2011-05-23 02:30:05,6850,1.3996e-06,3.78e-06,2011
2011-05-23 02:30:05,5830,1.5452e-06,3.78e-06,2011
2011-05-23 02:30:05,5870,1.906e-06,3.78e-06,2011
2011-05-23 02:30:05,5850,1.8195e-06,3.78e-06,2011
2011-05-23 03:35:27,8800gt,2.672e-07,3.78e-06,2011
2011-05-23 03:47:46,5850,1.8195e-06,3.78e-06,2011
2011-05-23 03:47:46,5850,1.8195e-06,3.78e-06,2011
2011-05-23 06:19:18,5870,1.906e-06,3.78e-06,2011
2011-05-23 06:37:36,6970,1.8507e-06,3.78e-06,2011
2011-05-23 06:37:36,5870,1.906e-06,3.78e-06,2011
2011-05-23 07:05:17,5850,1.8195e-06,3.78e-06,2011
2011-05-23 07:05:17,5970,2.0053e-06,3.78e-06,2011
2011-05-23 07:05:17,6990,1.9056e-06,3.78e-06,2011
2011-05-23 07:05:17,5830,1.5452e-06,3.78e-06,2011
2011-05-23 10:18:52,5850,1.8195e-06,3.78e-06,2011
2011-05-23 10:18:52,6950,1.9399e-06,3.78e-06,2011
2011-05-23 10:18:52,6870,1.7264e-06,3.78e-06,2011
2011-05-23 10:18:52,5870,1.906e-06,3.78e-06,2011
2011-05-23 14:26:57,6870,1.7264e-06,3.78e-06,2011
2011-05-23 17:33:04,5970,2.0053e-06,3.78e-06,2011
2011-05-23 17:33:04,6990,1.9056e-06,3.78e-06,2011
2011-05-23 17:37:00,5850,1.8195e-06,3.78e-06,2011
2011-05-23 17:37:00,5970,2.0053e-06,3.78e-06,2011
2011-05-27 15:24:36,5850,1.8195e-06,3.78e-06,2011
2011-05-27 22:34:06,5850,1.8195e-06,3.78e-06,2011
2011-05-27 23:19:01,5850,1.8195e-06,3.78e-06,2011
2011-05-28 03:52:30,6870,1.7264e-06,3.78e-06,2011
2011-05-28 05:52:40,6950,1.9399e-06,3.78e-06,2011
2011-05-28 06:39:03,6950,1.9399e-06,3.78e-06,2011
2011-05-28 08:49:34,5850,1.8195e-06,3.78e-06,2011
2011-05-28 09:02:28,5830,1.5452e-06,3.78e-06,2011
2011-06-01 06:35:38,5870,1.906e-06,3.78e-06,2011
2011-06-01 06:35:38,5870,1.906e-06,3.78e-06,2011
2011-06-01 12:17:34,5870,1.906e-06,3.78e-06,2011
2011-06-01 12:17:34,4870,6.532e-07,3.78e-06,2011
2011-06-01 17:22:52,5830,1.5452e-06,3.78e-06,2011
2011-06-01 17:22:52,5850,1.8195e-06,3.78e-06,2011
2011-06-01 19:05:21,5870,1.906e-06,3.78e-06,2011
2011-06-01 19:05:21,5770,1.9401e-06,3.78e-06,2011
2011-06-01 19:57:59,5870,1.906e-06,3.78e-06,2011
2011-06-02 00:32:42,5870,1.906e-06,3.78e-06,2011
2011-06-02 01:30:15,5870,1.906e-06,3.78e-06,2011
2011-06-02 01:30:15,6970,1.8507e-06,3.78e-06,2011
2011-06-02 01:30:15,4870,6.532e-07,3.78e-06,2011
2011-06-02 02:56:10,4350,3.46e-07,3.78e-06,2011
2011-06-02 02:56:10,6970,1.8507e-06,3.78e-06,2011
2011-06-02 02:56:10,6990,1.9056e-06,3.78e-06,2011
2011-06-02 02:56:10,5850,1.8195e-06,3.78e-06,2011
2011-06-02 02:56:10,6950,1.9399e-06,3.78e-06,2011
2011-06-02 04:19:57,6950,1.9399e-06,3.78e-06,2011
2011-06-02 04:52:47,5830,1.5452e-06,3.78e-06,2011
2011-06-02 04:52:47,8800gts,1.09e-07,3.78e-06,2011
2011-06-04 13:19:56,5850,1.8195e-06,3.78e-06,2011
2011-06-04 14:18:48,6850,1.3996e-06,3.78e-06,2011
2011-06-04 15:39:37,5770,1.9401e-06,3.78e-06,2011
2011-06-04 15:39:37,5770,1.9401e-06,3.78e-06,2011
2011-06-04 17:03:10,5830,1.5452e-06,3.78e-06,2011
2011-06-04 19:54:39,5870,1.906e-06,3.78e-06,2011
2011-06-04 21:23:57,5870,1.906e-06,3.78e-06,2011
2011-06-04 21:34:43,6990,1.9056e-06,3.78e-06,2011
2011-06-04 22:03:15,5870,1.906e-06,3.78e-06,2011
2011-06-04 22:07:50,5870,1.906e-06,3.78e-06,2011
2011-06-04 22:07:50,5850,1.8195e-06,3.78e-06,2011
2011-06-04 22:27:45,gtx295,3.783e-07,3.78e-06,2011
2011-06-04 22:27:45,6990,1.9056e-06,3.78e-06,2011
2011-06-05 00:43:59,5870,1.906e-06,3.78e-06,2011
2011-06-05 00:43:59,5870,1.906e-06,3.78e-06,2011
2011-06-05 05:40:21,6950,1.9399e-06,3.78e-06,2011
2011-06-05 05:40:21,5850,1.8195e-06,3.78e-06,2011
2011-06-05 05:40:21,6990,1.9056e-06,3.78e-06,2011
2011-06-07 04:55:56,6950,1.9399e-06,3.78e-06,2011
2011-06-07 04:55:56,5850,1.8195e-06,3.78e-06,2011
2011-06-07 07:48:58,6850,1.3996e-06,3.78e-06,2011
2011-06-07 07:48:58,6950,1.9399e-06,3.78e-06,2011
2011-06-07 10:16:30,8800gt,2.672e-07,3.78e-06,2011
2011-06-07 10:16:30,6970,1.8507e-06,3.78e-06,2011
2011-06-07 11:36:18,gtx470,4.505e-07,3.78e-06,2011
2011-06-07 12:40:47,5850,1.8195e-06,3.78e-06,2011
2011-06-07 13:34:25,5850,1.8195e-06,3.78e-06,2011
2011-06-07 14:28:24,5850,1.8195e-06,3.78e-06,2011
2011-06-07 14:45:02,5870,1.906e-06,3.78e-06,2011
2011-06-07 14:45:02,5970,2.0053e-06,3.78e-06,2011
2011-06-08 21:16:48,5830,1.5452e-06,3.78e-06,2011
2011-06-08 22:09:24,6970,1.8507e-06,3.78e-06,2011
2011-06-08 23:51:52,5770,1.9401e-06,3.78e-06,2011
2011-06-08 23:51:52,6950,1.9399e-06,3.78e-06,2011
2011-06-08 23:51:52,4550,2.89e-07,3.78e-06,2011
2011-06-08 23:51:52,5770,1.9401e-06,3.78e-06,2011
2011-06-09 00:43:01,5870,1.906e-06,3.78e-06,2011
2011-06-09 00:43:01,5830,1.5452e-06,3.78e-06,2011
2011-06-09 00:43:01,5970,2.0053e-06,3.78e-06,2011
2011-06-09 00:43:01,6950,1.9399e-06,3.78e-06,2011
2011-06-09 00:50:49,6950,1.9399e-06,3.78e-06,2011
2011-06-09 01:21:33,6990,1.9056e-06,3.78e-06,2011
2011-06-09 01:26:47,5830,1.5452e-06,3.78e-06,2011
2011-06-10 08:42:19,5850,1.8195e-06,3.78e-06,2011
2011-06-10 08:42:19,5870,1.906e-06,3.78e-06,2011
2011-06-10 11:21:44,5770,1.9401e-06,3.78e-06,2011
2011-06-10 11:21:44,5830,1.5452e-06,3.78e-06,2011
2011-06-10 13:05:08,5850,1.8195e-06,3.78e-06,2011
2011-06-10 15:04:00,core i7 2600k,1.86e-05,3.78e-06,2011
2011-06-10 15:04:00,5830,1.5452e-06,3.78e-06,2011
2011-06-10 15:33:34,6950,1.9399e-06,3.78e-06,2011
2011-06-10 15:33:34,6970,1.8507e-06,3.78e-06,2011
2011-06-10 16:24:47,6970,1.8507e-06,3.78e-06,2011
2011-06-10 17:33:22,5770,1.9401e-06,3.78e-06,2011
2011-06-11 15:02:37,5770,1.9401e-06,3.78e-06,2011
2011-06-11 15:02:37,5850,1.8195e-06,3.78e-06,2011
2011-06-11 15:02:37,6950,1.9399e-06,3.78e-06,2011
2011-06-12 04:13:42,6970,1.8507e-06,3.78e-06,2011
2011-06-12 05:25:59,6970,1.8507e-06,3.78e-06,2011
2011-06-12 05:25:59,5830,1.5452e-06,3.78e-06,2011
2011-06-12 05:25:59,5850,1.8195e-06,3.78e-06,2011
2011-06-12 11:17:24,5870,1.906e-06,3.78e-06,2011
2011-06-12 16:10:27,6950,1.9399e-06,3.78e-06,2011
2011-06-12 16:10:27,6990,1.9056e-06,3.78e-06,2011
2011-06-13 03:25:13,6990,1.9056e-06,3.78e-06,2011
2011-06-13 08:10:27,5850,1.8195e-06,3.78e-06,2011
2011-06-13 08:10:27,5870,1.906e-06,3.78e-06,2011
2011-06-13 08:10:27,5830,1.5452e-06,3.78e-06,2011
2011-06-13 13:23:37,5830,1.5452e-06,3.78e-06,2011
2011-06-13 19:10:16,6990,1.9056e-06,3.78e-06,2011
2011-06-13 23:40:59,5830,1.5452e-06,3.78e-06,2011
2011-06-13 23:40:59,6950,1.9399e-06,3.78e-06,2011
2011-06-13 23:40:59,5870,1.906e-06,3.78e-06,2011
2011-06-13 23:40:59,6970,1.8507e-06,3.78e-06,2011
2011-06-14 01:26:21,5850,1.8195e-06,3.78e-06,2011
2011-06-14 16:17:53,5850,1.8195e-06,3.78e-06,2011
2011-06-14 16:39:00,8800gt,2.672e-07,3.78e-06,2011
2011-06-14 16:39:00,6970,1.8507e-06,3.78e-06,2011
2011-06-14 20:44:19,6850,1.3996e-06,3.78e-06,2011
2011-06-15 00:01:06,6850,1.3996e-06,3.78e-06,2011
2011-06-15 00:01:06,5850,1.8195e-06,3.78e-06,2011
2011-06-15 00:01:06,8800gt,2.672e-07,3.78e-06,2011
2011-06-15 01:05:18,6990,1.9056e-06,3.78e-06,2011
2011-06-15 03:37:32,5850,1.8195e-06,3.78e-06,2011
2011-06-15 10:02:53,6970,1.8507e-06,3.78e-06,2011
2011-06-15 21:24:03,8800gts,1.09e-07,3.78e-06,2011
2011-06-15 21:37:14,5970,2.0053e-06,3.78e-06,2011
2011-06-15 21:37:14,5870,1.906e-06,3.78e-06,2011
2011-06-15 21:37:14,5830,1.5452e-06,3.78e-06,2011
2011-06-16 20:28:10,5870,1.906e-06,3.78e-06,2011
2011-06-16 20:29:48,5770,1.9401e-06,3.78e-06,2011
2011-06-16 20:29:48,6950,1.9399e-06,3.78e-06,2011
2011-06-16 21:57:17,5850,1.8195e-06,3.78e-06,2011
2011-06-16 21:57:17,5830,1.5452e-06,3.78e-06,2011
2011-06-17 03:52:57,5870,1.906e-06,3.78e-06,2011
2011-06-17 05:37:08,5850,1.8195e-06,3.78e-06,2011
2011-06-17 07:47:53,5770,1.9401e-06,3.78e-06,2011
2011-06-17 23:19:31,5970,2.0053e-06,3.78e-06,2011
2011-06-18 17:04:17,5770,1.9401e-06,3.78e-06,2011
2011-06-18 20:31:30,5850,1.8195e-06,3.78e-06,2011
2011-06-18 21:27:18,6950,1.9399e-06,3.78e-06,2011
2011-06-18 23:41:42,6870,1.7264e-06,3.78e-06,2011
2011-06-19 00:09:55,5830,1.5452e-06,3.78e-06,2011
2011-06-19 00:09:55,4870,6.532e-07,3.78e-06,2011
2011-06-19 10:37:11,5870,1.906e-06,3.78e-06,2011
2011-06-19 13:35:15,6950,1.9399e-06,3.78e-06,2011
2011-06-20 00:03:45,5870,1.906e-06,3.78e-06,2011
2011-06-20 00:03:45,5850,1.8195e-06,3.78e-06,2011
2011-06-20 07:05:59,6870,1.7264e-06,3.78e-06,2011
2011-06-20 10:39:04,4870,6.532e-07,3.78e-06,2011
2011-06-21 05:39:02,5850,1.8195e-06,3.78e-06,2011
2011-06-21 06:46:31,5770,1.9401e-06,3.78e-06,2011
2011-06-21 06:46:31,6950,1.9399e-06,3.78e-06,2011
2011-06-21 13:34:30,5830,1.5452e-06,3.78e-06,2011
2011-06-22 01:07:23,5870,1.906e-06,3.78e-06,2011
2011-06-22 01:07:23,6970,1.8507e-06,3.78e-06,2011
2011-06-22 17:23:17,5850,1.8195e-06,3.78e-06,2011
2011-06-22 17:23:17,6950,1.9399e-06,3.78e-06,2011
2011-06-22 17:23:17,6870,1.7264e-06,3.78e-06,2011
2011-06-22 17:23:17,5830,1.5452e-06,3.78e-06,2011
2011-06-22 17:23:17,5830,1.5452e-06,3.78e-06,2011
2011-06-23 12:38:35,5870,1.906e-06,3.78e-06,2011
2011-06-23 14:23:44,6950,1.9399e-06,3.78e-06,2011
2011-06-23 23:21:49,6990,1.9056e-06,3.78e-06,2011
2011-06-23 23:21:49,6950,1.9399e-06,3.78e-06,2011
2011-06-24 00:42:32,5770,1.9401e-06,3.78e-06,2011
2011-06-24 06:57:34,5970,2.0053e-06,3.78e-06,2011
2011-06-24 10:34:17,5970,2.0053e-06,3.78e-06,2011
2011-06-24 10:34:17,5850,1.8195e-06,3.78e-06,2011
2011-06-24 10:34:17,6990,1.9056e-06,3.78e-06,2011
2011-06-24 15:56:55,6990,1.9056e-06,3.78e-06,2011
2011-06-24 20:43:53,6990,1.9056e-06,3.78e-06,2011
2011-06-24 23:21:18,5830,1.5452e-06,3.78e-06,2011
2011-06-24 23:41:20,6970,1.8507e-06,3.78e-06,2011
2011-06-25 00:05:44,6950,1.9399e-06,3.78e-06,2011
2011-06-25 00:05:44,6990,1.9056e-06,3.78e-06,2011
2011-06-25 02:56:37,5870,1.906e-06,3.78e-06,2011
2011-06-25 03:30:46,5850,1.8195e-06,3.78e-06,2011
2011-06-25 03:30:46,6990,1.9056e-06,3.78e-06,2011
2011-06-25 04:53:37,6970,1.8507e-06,3.78e-06,2011
2011-06-25 07:12:28,6950,1.9399e-06,3.78e-06,2011
2011-06-25 09:11:00,5970,2.0053e-06,3.78e-06,2011
2011-06-25 12:20:11,5870,1.906e-06,3.78e-06,2011
2011-06-25 12:20:11,6950,1.9399e-06,3.78e-06,2011
2011-06-25 22:24:26,6950,1.9399e-06,3.78e-06,2011
2011-06-25 23:12:55,5870,1.906e-06,3.78e-06,2011
2011-06-25 23:12:55,5830,1.5452e-06,3.78e-06,2011
2011-06-26 00:28:55,5970,2.0053e-06,3.78e-06,2011
2011-06-26 00:28:55,5850,1.8195e-06,3.78e-06,2011
2011-06-26 00:28:55,5870,1.906e-06,3.78e-06,2011
2011-06-26 00:28:55,5770,1.9401e-06,3.78e-06,2011
2011-06-26 02:21:16,5850,1.8195e-06,3.78e-06,2011
2011-06-26 02:21:16,5770,1.9401e-06,3.78e-06,2011
2011-06-26 12:49:11,5970,2.0053e-06,3.78e-06,2011
2011-06-26 15:24:17,6990,1.9056e-06,3.78e-06,2011
2011-06-27 03:56:16,5850,1.8195e-06,3.78e-06,2011
2011-06-27 03:56:16,5770,1.9401e-06,3.78e-06,2011
2011-06-27 05:21:33,6870,1.7264e-06,3.78e-06,2011
2011-06-27 05:21:33,5970,2.0053e-06,3.78e-06,2011
2011-06-27 05:21:33,5850,1.8195e-06,3.78e-06,2011
2011-06-27 05:21:33,5830,1.5452e-06,3.78e-06,2011
2011-06-27 05:21:33,4650,6.53e-07,3.78e-06,2011
2011-06-27 05:21:33,5770,1.9401e-06,3.78e-06,2011
2011-06-27 05:21:33,5850,1.8195e-06,3.78e-06,2011
2011-06-27 05:21:33,6990,1.9056e-06,3.78e-06,2011
2011-06-27 07:53:10,6970,1.8507e-06,3.78e-06,2011
2011-06-27 08:08:08,5850,1.8195e-06,3.78e-06,2011
2011-06-27 19:19:49,5970,2.0053e-06,3.78e-06,2011
2011-06-27 19:19:49,5850,1.8195e-06,3.78e-06,2011
2011-06-28 00:46:03,5830,1.5452e-06,3.78e-06,2011
2011-06-28 09:27:27,5830,1.5452e-06,3.78e-06,2011
2011-06-28 20:15:02,5850,1.8195e-06,3.78e-06,2011
2011-06-28 20:15:02,5870,1.906e-06,3.78e-06,2011
2011-06-29 03:22:38,6990,1.9056e-06,3.78e-06,2011
2011-06-29 03:22:38,6950,1.9399e-06,3.78e-06,2011
2011-06-29 03:22:38,5770,1.9401e-06,3.78e-06,2011
2011-06-29 03:22:38,6870,1.7264e-06,3.78e-06,2011
2011-06-29 21:22:57,5830,1.5452e-06,3.78e-06,2011
2011-06-30 01:58:23,5870,1.906e-06,3.78e-06,2011
2011-06-30 13:25:13,5870,1.906e-06,3.78e-06,2011
2011-07-01 01:58:35,5830,1.5452e-06,3.78e-06,2011
2011-07-01 03:05:46,5850,1.8195e-06,3.78e-06,2011
2011-07-01 03:05:46,6850,1.3996e-06,3.78e-06,2011
2011-07-01 06:49:46,5830,1.5452e-06,3.78e-06,2011
2011-07-02 03:27:44,5850,1.8195e-06,3.78e-06,2011
2011-07-02 05:01:19,6990,1.9056e-06,3.78e-06,2011
2011-07-02 05:01:19,6990,1.9056e-06,3.78e-06,2011
2011-07-02 05:01:19,5850,1.8195e-06,3.78e-06,2011
2011-07-02 20:35:46,5850,1.8195e-06,3.78e-06,2011
2011-07-02 23:35:36,5830,1.5452e-06,3.78e-06,2011
2011-07-03 14:21:25,5830,1.5452e-06,3.78e-06,2011
2011-07-03 14:21:25,5850,1.8195e-06,3.78e-06,2011
2011-07-03 20:02:46,5770,1.9401e-06,3.78e-06,2011
2011-07-03 20:02:46,6870,1.7264e-06,3.78e-06,2011
2011-07-03 20:02:46,5830,1.5452e-06,3.78e-06,2011
2011-07-03 22:49:46,5870,1.906e-06,3.78e-06,2011
2011-07-03 22:49:46,6950,1.9399e-06,3.78e-06,2011
2011-07-03 22:49:46,5850,1.8195e-06,3.78e-06,2011
2011-07-03 22:49:46,6870,1.7264e-06,3.78e-06,2011
2011-07-03 22:49:46,5770,1.9401e-06,3.78e-06,2011
2011-07-03 22:49:46,5830,1.5452e-06,3.78e-06,2011
2011-07-04 13:30:57,6990,1.9056e-06,3.78e-06,2011
2011-07-04 17:36:26,5850,1.8195e-06,3.78e-06,2011
2011-07-05 12:30:13,6870,1.7264e-06,3.78e-06,2011
2011-07-05 17:47:35,5830,1.5452e-06,3.78e-06,2011
2011-07-06 06:37:56,5830,1.5452e-06,3.78e-06,2011
2011-07-06 06:37:56,6870,1.7264e-06,3.78e-06,2011
2011-07-06 06:37:56,6950,1.9399e-06,3.78e-06,2011
2011-07-06 06:37:56,6870,1.7264e-06,3.78e-06,2011
2011-07-07 00:22:44,5850,1.8195e-06,3.78e-06,2011
2011-07-07 05:11:33,5830,1.5452e-06,3.78e-06,2011
2011-07-07 20:18:10,5830,1.5452e-06,3.78e-06,2011
2011-07-07 20:18:10,6870,1.7264e-06,3.78e-06,2011
2011-07-07 20:18:10,5770,1.9401e-06,3.78e-06,2011
2011-07-08 06:37:57,6970,1.8507e-06,3.78e-06,2011
2011-07-08 23:30:55,6950,1.9399e-06,3.78e-06,2011
2011-07-08 23:30:55,5850,1.8195e-06,3.78e-06,2011
2011-07-08 23:30:55,5870,1.906e-06,3.78e-06,2011
2011-07-09 13:33:54,5850,1.8195e-06,3.78e-06,2011
2011-07-09 18:04:57,5830,1.5452e-06,3.78e-06,2011
2011-07-09 22:08:57,6870,1.7264e-06,3.78e-06,2011
2011-07-09 22:08:57,6990,1.9056e-06,3.78e-06,2011
2011-07-10 03:14:30,6970,1.8507e-06,3.78e-06,2011
2011-07-10 03:14:30,5870,1.906e-06,3.78e-06,2011
2011-07-10 18:24:31,5870,1.906e-06,3.78e-06,2011
2011-07-11 20:11:08,4870,6.532e-07,3.78e-06,2011
2011-07-11 20:11:08,5830,1.5452e-06,3.78e-06,2011
2011-07-12 02:55:31,5830,1.5452e-06,3.78e-06,2011
2011-07-13 10:30:18,6870,1.7264e-06,3.78e-06,2011
2011-07-13 14:35:58,6870,1.7264e-06,3.78e-06,2011
2011-07-13 14:35:58,6990,1.9056e-06,3.78e-06,2011
2011-07-13 15:45:09,6970,1.8507e-06,3.78e-06,2011
2011-07-13 16:13:50,5830,1.5452e-06,3.78e-06,2011
2011-07-13 19:08:41,5870,1.906e-06,3.78e-06,2011
2011-07-13 19:08:41,5770,1.9401e-06,3.78e-06,2011
2011-07-13 21:46:03,5830,1.5452e-06,3.78e-06,2011
2011-07-13 21:46:03,6970,1.8507e-06,3.78e-06,2011
2011-07-14 01:22:21,5850,1.8195e-06,3.78e-06,2011
2011-07-14 01:22:21,5870,1.906e-06,3.78e-06,2011
2011-07-14 01:22:21,6990,1.9056e-06,3.78e-06,2011
2011-07-14 02:39:58,6870,1.7264e-06,3.78e-06,2011
2011-07-14 07:54:48,6950,1.9399e-06,3.78e-06,2011
2011-07-14 10:52:56,5830,1.5452e-06,3.78e-06,2011
2011-07-14 10:52:56,6950,1.9399e-06,3.78e-06,2011
2011-07-14 13:23:26,6950,1.9399e-06,3.78e-06,2011
2011-07-14 13:23:26,6970,1.8507e-06,3.78e-06,2011
2011-07-14 13:23:26,5870,1.906e-06,3.78e-06,2011
2011-07-15 07:05:52,5830,1.5452e-06,3.78e-06,2011
2011-07-15 09:24:53,5970,2.0053e-06,3.78e-06,2011
2011-07-16 03:07:46,5830,1.5452e-06,3.78e-06,2011
2011-07-16 23:34:35,6950,1.9399e-06,3.78e-06,2011
2011-07-16 23:34:35,6970,1.8507e-06,3.78e-06,2011
2011-07-16 23:34:35,5870,1.906e-06,3.78e-06,2011
2011-07-17 07:53:58,5870,1.906e-06,3.78e-06,2011
2011-07-17 07:53:58,5850,1.8195e-06,3.78e-06,2011
2011-07-17 12:43:16,6970,1.8507e-06,3.78e-06,2011
2011-07-18 04:40:28,6950,1.9399e-06,3.78e-06,2011
2011-07-18 04:40:28,6970,1.8507e-06,3.78e-06,2011
2011-07-18 04:40:28,5850,1.8195e-06,3.78e-06,2011
2011-07-18 04:40:28,6450,1.709e-06,3.78e-06,2011
2011-07-18 04:40:28,5870,1.906e-06,3.78e-06,2011
2011-07-18 13:47:56,5870,1.906e-06,3.78e-06,2011
2011-07-18 22:53:14,5970,2.0053e-06,3.78e-06,2011
2011-07-19 06:43:33,5770,1.9401e-06,3.78e-06,2011
2011-07-19 09:12:14,5870,1.906e-06,3.78e-06,2011
2011-07-19 09:12:14,6950,1.9399e-06,3.78e-06,2011
2011-07-19 20:18:10,5830,1.5452e-06,3.78e-06,2011
2011-07-19 20:18:10,5850,1.8195e-06,3.78e-06,2011
2011-07-19 20:51:38,5770,1.9401e-06,3.78e-06,2011
2011-07-19 20:51:38,6950,1.9399e-06,3.78e-06,2011
2011-07-19 23:37:27,5830,1.5452e-06,3.78e-06,2011
2011-07-19 23:37:27,4870,6.532e-07,3.78e-06,2011
2011-07-20 01:36:41,5830,1.5452e-06,3.78e-06,2011
2011-07-20 05:38:54,5870,1.906e-06,3.78e-06,2011
2011-07-20 05:38:54,6970,1.8507e-06,3.78e-06,2011
2011-07-20 05:38:54,5830,1.5452e-06,3.78e-06,2011
2011-07-20 05:38:54,5870,1.906e-06,3.78e-06,2011
2011-07-20 05:38:54,6950,1.9399e-06,3.78e-06,2011
2011-07-20 05:38:54,5770,1.9401e-06,3.78e-06,2011
2011-07-20 05:38:54,5830,1.5452e-06,3.78e-06,2011
2011-07-20 05:38:54,5850,1.8195e-06,3.78e-06,2011
2011-07-20 06:40:37,5830,1.5452e-06,3.78e-06,2011
2011-07-20 17:19:09,6990,1.9056e-06,3.78e-06,2011
2011-07-20 17:19:09,5970,2.0053e-06,3.78e-06,2011
2011-07-20 17:52:32,5830,1.5452e-06,3.78e-06,2011
2011-07-21 21:17:26,5830,1.5452e-06,3.78e-06,2011
2011-07-23 02:28:01,5830,1.5452e-06,3.78e-06,2011
2011-07-23 18:23:19,6950,1.9399e-06,3.78e-06,2011
2011-07-23 18:23:19,6950,1.9399e-06,3.78e-06,2011
2011-07-23 18:38:50,5850,1.8195e-06,3.78e-06,2011
2011-07-25 03:54:37,5970,2.0053e-06,3.78e-06,2011
2011-07-25 04:08:41,5830,1.5452e-06,3.78e-06,2011
2011-07-25 04:08:41,5850,1.8195e-06,3.78e-06,2011
2011-07-25 04:08:41,6950,1.9399e-06,3.78e-06,2011
2011-07-25 04:08:41,5770,1.9401e-06,3.78e-06,2011
2011-07-26 03:46:48,4850,7.956e-07,3.78e-06,2011
2011-07-26 03:46:48,4850,7.956e-07,3.78e-06,2011
2011-07-26 03:46:48,5850,1.8195e-06,3.78e-06,2011
2011-07-26 17:02:47,6870,1.7264e-06,3.78e-06,2011
2011-07-26 19:18:48,5770,1.9401e-06,3.78e-06,2011
2011-07-26 19:22:26,5870,1.906e-06,3.78e-06,2011
2011-07-27 08:03:07,5850,1.8195e-06,3.78e-06,2011
2011-07-27 08:03:07,5970,2.0053e-06,3.78e-06,2011
2011-07-27 08:03:07,5830,1.5452e-06,3.78e-06,2011
2011-07-27 08:03:07,5550,1.041e-06,3.78e-06,2011
2011-07-27 08:03:07,5970,2.0053e-06,3.78e-06,2011
2011-07-27 08:03:07,5770,1.9401e-06,3.78e-06,2011
2011-07-27 13:50:27,5850,1.8195e-06,3.78e-06,2011
2011-07-27 13:50:27,5870,1.906e-06,3.78e-06,2011
2011-07-28 20:50:04,6950,1.9399e-06,3.78e-06,2011
2011-07-29 20:51:09,5870,1.906e-06,3.78e-06,2011
2011-07-29 22:00:47,5830,1.5452e-06,3.78e-06,2011
2011-07-29 22:00:47,5830,1.5452e-06,3.78e-06,2011
2011-07-30 00:01:05,6990,1.9056e-06,3.78e-06,2011
2011-07-31 05:28:13,5830,1.5452e-06,3.78e-06,2011
2011-07-31 13:07:23,5870,1.906e-06,3.78e-06,2011
2011-07-31 18:48:16,6950,1.9399e-06,3.78e-06,2011
2011-08-01 22:42:51,6850,1.3996e-06,3.78e-06,2011
2011-08-02 20:43:09,6950,1.9399e-06,3.78e-06,2011
2011-08-02 20:43:09,5870,1.906e-06,3.78e-06,2011
2011-08-02 20:43:09,6970,1.8507e-06,3.78e-06,2011
2011-08-02 20:43:09,6870,1.7264e-06,3.78e-06,2011
2011-08-03 02:07:11,5970,2.0053e-06,3.78e-06,2011
2011-08-03 02:07:11,6970,1.8507e-06,3.78e-06,2011
2011-08-03 02:07:11,5770,1.9401e-06,3.78e-06,2011
2011-08-04 01:11:42,6970,1.8507e-06,3.78e-06,2011
2011-08-04 01:11:42,5830,1.5452e-06,3.78e-06,2011
2011-08-06 04:55:41,6950,1.9399e-06,3.78e-06,2011
2011-08-06 06:45:12,5850,1.8195e-06,3.78e-06,2011
2011-08-07 03:43:30,6970,1.8507e-06,3.78e-06,2011
2011-08-07 20:07:03,6970,1.8507e-06,3.78e-06,2011
2011-08-07 20:07:03,6970,1.8507e-06,3.78e-06,2011
2011-08-07 20:07:03,6950,1.9399e-06,3.78e-06,2011
2011-08-07 22:27:09,6990,1.9056e-06,3.78e-06,2011
2011-08-07 22:27:09,6990,1.9056e-06,3.78e-06,2011
2011-08-08 18:21:26,6990,1.9056e-06,3.78e-06,2011
2011-08-09 20:20:46,5850,1.8195e-06,3.78e-06,2011
2011-08-09 20:20:46,6970,1.8507e-06,3.78e-06,2011
2011-08-09 20:20:46,5870,1.906e-06,3.78e-06,2011
2011-08-09 20:20:46,5830,1.5452e-06,3.78e-06,2011
2011-08-11 20:41:00,5870,1.906e-06,3.78e-06,2011
2011-08-11 20:41:00,5850,1.8195e-06,3.78e-06,2011
2011-08-11 20:41:00,6950,1.9399e-06,3.78e-06,2011
2011-08-11 20:41:00,6950,1.9399e-06,3.78e-06,2011
2011-08-11 21:13:10,6950,1.9399e-06,3.78e-06,2011
2011-08-11 21:13:10,5770,1.9401e-06,3.78e-06,2011
2011-08-11 21:13:10,6990,1.9056e-06,3.78e-06,2011
2011-08-11 21:13:10,6870,1.7264e-06,3.78e-06,2011
2011-08-11 21:13:10,6870,1.7264e-06,3.78e-06,2011
2011-08-11 21:13:10,5830,1.5452e-06,3.78e-06,2011
2011-08-12 04:32:56,6870,1.7264e-06,3.78e-06,2011
2011-08-12 04:32:56,6870,1.7264e-06,3.78e-06,2011
2011-08-12 22:02:18,6990,1.9056e-06,3.78e-06,2011
2011-08-12 22:02:18,5850,1.8195e-06,3.78e-06,2011
2011-08-13 16:29:56,5830,1.5452e-06,3.78e-06,2011
2011-08-13 16:29:56,5850,1.8195e-06,3.78e-06,2011
2011-08-13 16:29:56,5870,1.906e-06,3.78e-06,2011
2011-08-14 00:32:01,5850,1.8195e-06,3.78e-06,2011
2011-08-15 00:01:45,5770,1.9401e-06,3.78e-06,2011
2011-08-15 20:14:11,4870,6.532e-07,3.78e-06,2011
2011-08-15 20:14:11,5770,1.9401e-06,3.78e-06,2011
2011-08-16 07:40:43,6970,1.8507e-06,3.78e-06,2011
2011-08-16 13:15:17,5770,1.9401e-06,3.78e-06,2011
2011-08-17 15:28:32,5830,1.5452e-06,3.78e-06,2011
2011-08-18 01:41:16,6870,1.7264e-06,3.78e-06,2011
2011-08-18 01:41:16,4870,6.532e-07,3.78e-06,2011
2011-08-18 04:55:15,5970,2.0053e-06,3.78e-06,2011
2011-08-18 07:02:54,core i7 2600k,1.86e-05,3.78e-06,2011
2011-08-18 07:13:04,5830,1.5452e-06,3.78e-06,2011
2011-08-18 07:13:04,5770,1.9401e-06,3.78e-06,2011
2011-08-18 07:35:14,5850,1.8195e-06,3.78e-06,2011
2011-08-19 09:12:28,5830,1.5452e-06,3.78e-06,2011
2011-08-19 09:22:20,5830,1.5452e-06,3.78e-06,2011
2011-08-20 17:36:53,5850,1.8195e-06,3.78e-06,2011
2011-08-20 17:36:53,5870,1.906e-06,3.78e-06,2011
2011-08-21 22:59:14,6870,1.7264e-06,3.78e-06,2011
2011-08-21 22:59:14,5770,1.9401e-06,3.78e-06,2011
2011-08-22 12:23:56,5970,2.0053e-06,3.78e-06,2011
2011-08-22 15:05:11,5870,1.906e-06,3.78e-06,2011
2011-08-22 15:05:11,5770,1.9401e-06,3.78e-06,2011
2011-08-22 23:44:23,5830,1.5452e-06,3.78e-06,2011
2011-08-22 23:44:23,5850,1.8195e-06,3.78e-06,2011
2011-08-23 01:28:48,5830,1.5452e-06,3.78e-06,2011
2011-08-23 05:48:08,5870,1.906e-06,3.78e-06,2011
2011-08-23 05:48:08,5850,1.8195e-06,3.78e-06,2011
2011-08-23 05:48:08,6950,1.9399e-06,3.78e-06,2011
2011-08-23 19:01:36,5850,1.8195e-06,3.78e-06,2011
2011-08-23 19:01:36,5870,1.906e-06,3.78e-06,2011
2011-08-23 19:01:36,5770,1.9401e-06,3.78e-06,2011
2011-08-23 19:01:36,5830,1.5452e-06,3.78e-06,2011
2011-08-24 14:55:22,6990,1.9056e-06,3.78e-06,2011
2011-08-24 14:55:22,6950,1.9399e-06,3.78e-06,2011
2011-08-24 14:55:22,5850,1.8195e-06,3.78e-06,2011
2011-08-24 14:55:22,5830,1.5452e-06,3.78e-06,2011
2011-08-24 18:26:49,5750,1.401e-06,3.78e-06,2011
2011-08-24 18:26:49,5870,1.906e-06,3.78e-06,2011
2011-08-24 18:26:49,5830,1.5452e-06,3.78e-06,2011
2011-08-24 18:26:49,6950,1.9399e-06,3.78e-06,2011
2011-08-24 18:26:49,5850,1.8195e-06,3.78e-06,2011
2011-08-24 23:54:32,5870,1.906e-06,3.78e-06,2011
2011-08-24 23:54:32,6950,1.9399e-06,3.78e-06,2011
2011-08-24 23:54:32,5830,1.5452e-06,3.78e-06,2011
2011-08-25 00:02:14,5830,1.5452e-06,3.78e-06,2011
2011-08-25 13:55:10,5750,1.401e-06,3.78e-06,2011
2011-08-25 13:55:10,5870,1.906e-06,3.78e-06,2011
2011-08-26 02:15:14,5830,1.5452e-06,3.78e-06,2011
2011-08-26 13:59:09,5850,1.8195e-06,3.78e-06,2011
2011-08-26 14:04:07,6950,1.9399e-06,3.78e-06,2011
2011-08-26 14:04:07,5830,1.5452e-06,3.78e-06,2011
2011-08-26 14:04:07,6950,1.9399e-06,3.78e-06,2011
2011-08-26 14:11:49,5850,1.8195e-06,3.78e-06,2011
2011-08-26 14:11:49,5830,1.5452e-06,3.78e-06,2011
2011-08-28 02:16:10,5850,1.8195e-06,2.33e-05,2011
2011-08-28 04:17:25,5830,1.5452e-06,2.33e-05,2011
2011-08-28 07:07:53,5830,1.5452e-06,2.33e-05,2011
2011-09-01 14:59:33,5830,1.5452e-06,2.33e-05,2011
2011-09-02 21:14:02,6970,1.8507e-06,2.33e-05,2011
2011-09-02 21:14:02,6990,1.9056e-06,2.33e-05,2011
2011-09-03 18:31:12,5830,1.5452e-06,2.33e-05,2011
2011-09-04 22:15:18,5850,1.8195e-06,2.33e-05,2011
2011-09-08 17:50:30,6990,1.9056e-06,2.33e-05,2011
2011-09-09 07:27:13,6990,1.9056e-06,2.33e-05,2011
2011-09-09 07:27:13,5850,1.8195e-06,2.33e-05,2011
2011-09-09 07:27:13,6990,1.9056e-06,2.33e-05,2011
2011-09-09 07:38:23,6970,1.8507e-06,2.33e-05,2011
2011-09-13 19:42:29,5770,1.9401e-06,2.33e-05,2011
2011-09-14 18:57:46,5850,1.8195e-06,2.33e-05,2011
2011-09-18 21:39:41,5570,1.7496e-06,2.33e-05,2011
2011-09-18 21:39:41,5850,1.8195e-06,2.33e-05,2011
2011-09-18 21:39:41,5870,1.906e-06,2.33e-05,2011
2011-09-18 21:39:41,5830,1.5452e-06,2.33e-05,2011
2011-09-18 21:39:41,6970,1.8507e-06,2.33e-05,2011
2011-09-24 19:41:30,5970,2.0053e-06,2.33e-05,2011
2011-09-27 03:04:58,5850,1.8195e-06,2.33e-05,2011
2011-09-27 10:07:13,5830,1.5452e-06,2.33e-05,2011
2011-09-27 20:59:19,5870,1.906e-06,2.33e-05,2011
2011-09-27 20:59:19,5850,1.8195e-06,2.33e-05,2011
2011-09-27 21:02:31,6970,1.8507e-06,2.33e-05,2011
2011-09-27 21:02:31,5870,1.906e-06,2.33e-05,2011
2011-09-30 03:49:15,5970,2.0053e-06,2.33e-05,2011
2011-09-30 22:31:33,6990,1.9056e-06,2.33e-05,2011
2011-10-05 04:11:01,5830,1.5452e-06,2.33e-05,2011
2011-10-06 18:11:56,6970,1.8507e-06,2.33e-05,2011
2011-10-06 18:11:56,5850,1.8195e-06,2.33e-05,2011
2011-10-08 00:58:56,5850,1.8195e-06,2.33e-05,2011
2011-10-08 00:58:56,5770,1.9401e-06,2.33e-05,2011
2011-10-08 00:58:56,5830,1.5452e-06,2.33e-05,2011
2011-10-08 00:58:56,5850,1.8195e-06,2.33e-05,2011
2011-10-08 00:58:56,6990,1.9056e-06,2.33e-05,2011
2011-10-08 19:21:48,5870,1.906e-06,2.33e-05,2011
2011-10-10 19:54:57,6950,1.9399e-06,2.33e-05,2011
2011-10-10 19:54:57,5830,1.5452e-06,2.33e-05,2011
2011-10-10 19:54:57,5970,2.0053e-06,2.33e-05,2011
2011-10-11 07:29:06,5830,1.5452e-06,2.33e-05,2011
2011-10-14 03:57:38,5850,1.8195e-06,2.33e-05,2011
2011-10-14 18:12:49,5830,1.5452e-06,2.33e-05,2011
2011-10-14 20:22:04,5830,1.5452e-06,2.33e-05,2011
2011-10-17 16:29:46,6950,1.9399e-06,2.33e-05,2011
2011-10-17 16:29:46,5770,1.9401e-06,2.33e-05,2011
2011-10-18 00:43:40,5970,2.0053e-06,2.33e-05,2011
2011-10-18 00:43:40,6990,1.9056e-06,2.33e-05,2011
2011-10-18 00:43:40,6950,1.9399e-06,2.33e-05,2011
2011-10-18 01:39:41,5830,1.5452e-06,2.33e-05,2011
2011-10-18 09:21:56,6990,1.9056e-06,2.33e-05,2011
2011-10-19 00:39:28,5970,2.0053e-06,2.33e-05,2011
2011-10-19 17:43:43,4770,9.04e-07,2.33e-05,2011
2011-10-19 17:43:43,5770,1.9401e-06,2.33e-05,2011
2011-10-19 17:43:43,5870,1.906e-06,2.33e-05,2011
2011-10-19 17:43:43,5870,1.906e-06,2.33e-05,2011
2011-10-20 20:54:03,5830,1.5452e-06,2.33e-05,2011
2011-10-20 20:54:03,5870,1.906e-06,2.33e-05,2011
2011-10-21 22:00:40,5830,1.5452e-06,2.33e-05,2011
2011-10-21 23:02:58,5870,1.906e-06,2.33e-05,2011
2011-10-21 23:02:58,5830,1.5452e-06,2.33e-05,2011
2011-10-23 08:21:25,5970,2.0053e-06,2.33e-05,2011
2011-10-23 08:21:25,5970,2.0053e-06,2.33e-05,2011
2011-10-23 08:34:21,5830,1.5452e-06,2.33e-05,2011
2011-10-24 05:32:41,5970,2.0053e-06,2.33e-05,2011
2011-10-24 05:32:41,5850,1.8195e-06,2.33e-05,2011
2011-10-24 05:32:41,5830,1.5452e-06,2.33e-05,2011
2011-10-24 05:32:41,5770,1.9401e-06,2.33e-05,2011
2011-10-24 21:09:04,5750,1.401e-06,2.33e-05,2011
2011-10-24 21:09:04,5870,1.906e-06,2.33e-05,2011
2011-10-24 21:09:04,6870,1.7264e-06,2.33e-05,2011
2011-10-26 06:35:16,5970,2.0053e-06,2.33e-05,2011
2011-10-28 15:00:33,6990,1.9056e-06,2.33e-05,2011
2011-10-31 17:20:48,6950,1.9399e-06,2.33e-05,2011
2011-11-01 01:49:10,4830,5.429e-07,2.33e-05,2011
2011-11-01 01:49:10,5970,2.0053e-06,2.33e-05,2011
2011-11-01 01:52:47,5970,2.0053e-06,2.33e-05,2011
2011-11-01 01:52:47,4830,5.429e-07,2.33e-05,2011
2011-11-06 02:33:49,5970,2.0053e-06,2.33e-05,2011
2011-11-06 02:41:20,5870,1.906e-06,2.33e-05,2011
2011-11-09 15:56:09,6950,1.9399e-06,2.33e-05,2011
2011-11-11 05:50:39,5870,1.906e-06,2.33e-05,2011
2011-11-11 05:50:39,5850,1.8195e-06,2.33e-05,2011
2011-11-11 05:50:39,5830,1.5452e-06,2.33e-05,2011
2011-11-11 17:14:21,5970,2.0053e-06,2.33e-05,2011
2011-11-14 03:55:10,6870,1.7264e-06,2.33e-05,2011
2011-11-14 03:55:10,6850,1.3996e-06,2.33e-05,2011
2011-11-18 13:28:17,5830,1.5452e-06,2.33e-05,2011
2011-11-18 17:43:42,5850,1.8195e-06,2.33e-05,2011
2011-11-18 17:43:42,5830,1.5452e-06,2.33e-05,2011
2011-11-27 18:07:11,6990,1.9056e-06,2.33e-05,2011
2011-11-29 06:41:27,5870,1.906e-06,2.33e-05,2011
2011-12-05 13:09:45,5870,1.906e-06,2.33e-05,2011
2011-12-05 13:09:45,5970,2.0053e-06,2.33e-05,2011
2011-12-05 13:09:45,5850,1.8195e-06,2.33e-05,2011
2011-12-07 19:44:11,5850,1.8195e-06,2.33e-05,2011
2011-12-09 19:15:17,5970,2.0053e-06,2.33e-05,2011
2011-12-11 02:11:58,5870,1.906e-06,2.33e-05,2011
2011-12-11 02:11:58,4770,9.04e-07,2.33e-05,2011
2011-12-15 12:12:09,5970,2.0053e-06,2.33e-05,2011
2011-12-15 14:20:37,5870,1.906e-06,2.33e-05,2011
2011-12-15 14:20:37,5830,1.5452e-06,2.33e-05,2011
2011-12-17 08:35:32,5970,2.0053e-06,2.33e-05,2011
2011-12-17 20:34:44,5830,1.5452e-06,2.33e-05,2011
2011-12-17 20:34:44,5850,1.8195e-06,2.33e-05,2011
2011-12-17 20:34:44,5830,1.5452e-06,2.33e-05,2011
2011-12-18 08:08:23,5770,1.9401e-06,2.33e-05,2011
2011-12-18 08:08:23,5870,1.906e-06,2.33e-05,2011
2011-12-20 23:58:13,5850,1.8195e-06,2.33e-05,2011
2011-12-20 23:58:13,5830,1.5452e-06,2.33e-05,2011
2011-12-20 23:58:13,5970,2.0053e-06,2.33e-05,2011
2011-12-27 07:36:12,6870,1.7264e-06,2.33e-05,2011
2011-12-30 00:40:56,5970,2.0053e-06,2.33e-05,2011
2011-12-31 17:59:46,5830,1.5452e-06,2.33e-05,2011
2012-01-07 18:47:27,5870,1.906e-06,2.33e-05,2012
2012-01-10 20:30:12,6970,1.8507e-06,2.33e-05,2012
2012-01-10 20:30:12,5870,1.906e-06,2.33e-05,2012
2012-01-11 08:20:16,5870,1.906e-06,2.33e-05,2012
2012-01-11 08:20:16,6950,1.9399e-06,2.33e-05,2012
2012-01-11 08:20:16,5830,1.5452e-06,2.33e-05,2012
2012-01-12 02:54:53,5850,1.8195e-06,2.33e-05,2012
2012-01-12 02:54:53,5850,1.8195e-06,2.33e-05,2012
2012-01-12 08:36:33,5850,1.8195e-06,2.33e-05,2012
2012-01-12 15:21:14,5850,1.8195e-06,2.33e-05,2012
2012-01-12 15:21:14,5830,1.5452e-06,2.33e-05,2012
2012-01-12 15:21:14,5870,1.906e-06,2.33e-05,2012
2012-01-12 15:21:14,5970,2.0053e-06,2.33e-05,2012
2012-01-12 18:38:16,5970,2.0053e-06,2.33e-05,2012
2012-01-12 18:38:16,5870,1.906e-06,2.33e-05,2012
2012-01-13 00:49:10,5830,1.5452e-06,2.33e-05,2012
2012-01-13 03:21:39,5970,2.0053e-06,2.33e-05,2012
2012-01-13 04:43:42,5870,1.906e-06,2.33e-05,2012
2012-01-16 22:31:58,5870,1.906e-06,2.33e-05,2012
2012-01-16 22:31:58,5770,1.9401e-06,2.33e-05,2012
2012-01-19 05:02:45,6970,1.8507e-06,2.33e-05,2012
2012-01-19 12:53:04,6970,1.8507e-06,2.33e-05,2012
2012-01-19 12:53:04,6950,1.9399e-06,2.33e-05,2012
2012-01-19 20:33:35,5970,2.0053e-06,2.33e-05,2012
2012-01-19 20:33:35,5870,1.906e-06,2.33e-05,2012
2012-01-20 23:33:07,5830,1.5452e-06,2.33e-05,2012
2012-01-20 23:33:07,5870,1.906e-06,2.33e-05,2012
2012-01-20 23:33:07,5870,1.906e-06,2.33e-05,2012
2012-01-21 18:34:28,5870,1.906e-06,2.33e-05,2012
2012-01-22 22:33:12,5870,1.906e-06,2.33e-05,2012
2012-01-23 00:59:32,4350,3.46e-07,2.33e-05,2012
2012-01-24 05:55:26,6970,1.8507e-06,2.33e-05,2012
2012-01-25 02:43:20,5770,1.9401e-06,2.33e-05,2012
2012-01-25 02:43:20,6870,1.7264e-06,2.33e-05,2012
2012-01-25 10:28:20,5770,1.9401e-06,2.33e-05,2012
2012-01-25 10:28:20,6950,1.9399e-06,2.33e-05,2012
2012-01-25 14:08:38,5970,2.0053e-06,2.33e-05,2012
2012-01-25 14:21:22,6950,1.9399e-06,2.33e-05,2012
2012-01-25 14:22:39,5850,1.8195e-06,2.33e-05,2012
2012-01-27 03:53:23,5970,2.0053e-06,2.33e-05,2012
2012-01-27 12:00:41,5770,1.9401e-06,2.33e-05,2012
2012-01-30 03:40:57,5870,1.906e-06,2.33e-05,2012
2012-01-30 21:16:36,5870,1.906e-06,2.33e-05,2012
2012-01-30 21:16:36,5870,1.906e-06,2.33e-05,2012
2012-01-30 21:16:36,5830,1.5452e-06,2.33e-05,2012
2012-02-01 05:18:59,icarus,1.979e-05,2.33e-05,2012
2012-02-02 03:36:23,4850,7.956e-07,2.33e-05,2012
2012-02-02 03:36:23,5830,1.5452e-06,2.33e-05,2012
2012-02-02 18:36:45,5970,2.0053e-06,2.33e-05,2012
2012-02-03 06:16:11,5870,1.906e-06,2.33e-05,2012
2012-02-03 06:16:11,5770,1.9401e-06,2.33e-05,2012
2012-02-03 16:20:40,5870,1.906e-06,2.33e-05,2012
2012-02-03 16:20:40,5830,1.5452e-06,2.33e-05,2012
2012-02-03 17:40:33,5750,1.401e-06,2.33e-05,2012
2012-02-03 17:40:33,athlon ii x2 250,5.6e-06,2.33e-05,2012
2012-02-04 18:32:04,5770,1.9401e-06,2.33e-05,2012
2012-02-04 18:45:40,5870,1.906e-06,2.33e-05,2012
2012-02-04 23:50:03,5870,1.906e-06,2.33e-05,2012
2012-02-04 23:50:03,5850,1.8195e-06,2.33e-05,2012
2012-02-05 23:38:34,6970,1.8507e-06,2.33e-05,2012
2012-02-05 23:38:34,5870,1.906e-06,2.33e-05,2012
2012-02-06 04:13:29,5750,1.401e-06,2.33e-05,2012
2012-02-06 04:13:29,6970,1.8507e-06,2.33e-05,2012
2012-02-07 18:35:54,5970,2.0053e-06,2.33e-05,2012
2012-02-07 21:03:02,5850,1.8195e-06,2.33e-05,2012
2012-02-07 21:03:02,5970,2.0053e-06,2.33e-05,2012
2012-02-08 00:41:04,5850,1.8195e-06,2.33e-05,2012
2012-02-08 02:08:26,6950,1.9399e-06,2.33e-05,2012
2012-02-08 02:08:26,5830,1.5452e-06,2.33e-05,2012
2012-02-08 22:12:29,5970,2.0053e-06,2.33e-05,2012
2012-02-08 23:06:48,6970,1.8507e-06,2.33e-05,2012
2012-02-09 02:31:58,5970,2.0053e-06,2.33e-05,2012
2012-02-09 02:31:58,pentium 4 630,1.29e-06,2.33e-05,2012
2012-02-09 04:54:44,5970,2.0053e-06,2.33e-05,2012
2012-02-09 06:37:23,5970,2.0053e-06,2.33e-05,2012
2012-02-09 19:05:25,6870,1.7264e-06,2.33e-05,2012
2012-02-09 19:05:25,6950,1.9399e-06,2.33e-05,2012
2012-02-10 09:17:55,6970,1.8507e-06,2.33e-05,2012
2012-02-10 17:52:18,5870,1.906e-06,2.33e-05,2012
2012-02-11 00:06:25,5870,1.906e-06,2.33e-05,2012
2012-02-13 05:29:54,5970,2.0053e-06,2.33e-05,2012
2012-02-14 19:16:44,5770,1.9401e-06,2.33e-05,2012
2012-02-14 23:26:59,5970,2.0053e-06,2.33e-05,2012
2012-02-14 23:26:59,5870,1.906e-06,2.33e-05,2012
2012-02-15 11:49:23,5970,2.0053e-06,2.33e-05,2012
2012-02-15 11:49:23,gtx580,6.42e-07,2.33e-05,2012
2012-02-15 14:58:29,5970,2.0053e-06,2.33e-05,2012
2012-02-15 14:58:29,5870,1.906e-06,2.33e-05,2012
2012-02-15 20:54:00,5970,2.0053e-06,2.33e-05,2012
2012-02-15 20:54:00,5870,1.906e-06,2.33e-05,2012
2012-02-16 09:45:24,5770,1.9401e-06,2.33e-05,2012
2012-02-17 07:11:48,5830,1.5452e-06,2.33e-05,2012
2012-02-19 14:40:39,5970,2.0053e-06,2.33e-05,2012
2012-02-19 14:40:39,5970,2.0053e-06,2.33e-05,2012
2012-02-20 13:30:57,4850,7.956e-07,2.33e-05,2012
2012-02-20 13:30:57,6990,1.9056e-06,2.33e-05,2012
2012-02-20 13:30:57,5830,1.5452e-06,2.33e-05,2012
2012-02-20 13:30:57,5850,1.8195e-06,2.33e-05,2012
2012-02-23 23:59:09,5970,2.0053e-06,2.33e-05,2012
2012-02-24 03:31:58,6950,1.9399e-06,2.33e-05,2012
2012-02-24 03:31:58,5750,1.401e-06,2.33e-05,2012
2012-02-24 03:31:58,5850,1.8195e-06,2.33e-05,2012
2012-02-24 22:30:47,5970,2.0053e-06,2.33e-05,2012
2012-02-24 23:32:20,5850,1.8195e-06,2.33e-05,2012
2012-02-25 14:26:12,6870,1.7264e-06,2.33e-05,2012
2012-02-25 14:26:12,5850,1.8195e-06,2.33e-05,2012
2012-02-25 15:22:40,5870,1.906e-06,2.33e-05,2012
2012-02-25 15:22:40,5770,1.9401e-06,2.33e-05,2012
2012-02-26 16:40:10,5970,2.0053e-06,2.33e-05,2012
2012-02-29 03:25:06,5870,1.906e-06,2.33e-05,2012
2012-02-29 03:25:06,5850,1.8195e-06,2.33e-05,2012
2012-02-29 12:09:41,6950,1.9399e-06,2.33e-05,2012
2012-02-29 12:09:41,5870,1.906e-06,2.33e-05,2012
2012-02-29 12:09:41,5850,1.8195e-06,2.33e-05,2012
2012-02-29 12:09:41,6850,1.3996e-06,2.33e-05,2012
2012-03-01 04:15:46,5970,2.0053e-06,2.33e-05,2012
2012-03-01 15:44:08,5830,1.5452e-06,2.33e-05,2012
2012-03-01 15:44:08,5850,1.8195e-06,2.33e-05,2012
2012-03-01 15:44:08,6970,1.8507e-06,2.33e-05,2012
2012-03-01 15:44:08,6850,1.3996e-06,2.33e-05,2012
2012-03-02 00:17:50,5830,1.5452e-06,2.33e-05,2012
2012-03-02 00:17:50,5870,1.906e-06,2.33e-05,2012
2012-03-02 00:17:50,5970,2.0053e-06,2.33e-05,2012
2012-03-02 03:12:25,5870,1.906e-06,2.33e-05,2012
2012-03-02 03:12:25,5870,1.906e-06,2.33e-05,2012
2012-03-02 03:12:25,5870,1.906e-06,2.33e-05,2012
2012-03-02 03:12:25,5870,1.906e-06,2.33e-05,2012
2012-03-02 23:13:39,5850,1.8195e-06,2.33e-05,2012
2012-03-02 23:13:39,5830,1.5452e-06,2.33e-05,2012
2012-03-03 22:58:01,5850,1.8195e-06,2.33e-05,2012
2012-03-03 22:58:01,6850,1.3996e-06,2.33e-05,2012
2012-03-03 22:58:01,6950,1.9399e-06,2.33e-05,2012
2012-03-05 23:46:04,7850,0.000191,2.33e-05,2012
2012-03-06 15:07:28,6850,1.3996e-06,2.33e-05,2012
2012-03-07 15:40:50,5970,2.0053e-06,2.33e-05,2012
2012-03-10 14:38:57,5870,1.906e-06,2.33e-05,2012
2012-03-10 15:37:35,5870,1.906e-06,2.33e-05,2012
2012-03-10 18:59:39,5830,1.5452e-06,2.33e-05,2012
2012-03-11 02:32:44,6870,1.7264e-06,2.33e-05,2012
2012-03-11 02:32:44,5970,2.0053e-06,2.33e-05,2012
2012-03-11 22:22:35,6970,1.8507e-06,2.33e-05,2012
2012-03-11 22:22:35,5870,1.906e-06,2.33e-05,2012
2012-03-11 22:22:35,6950,1.9399e-06,2.33e-05,2012
2012-03-12 07:53:10,6970,1.8507e-06,2.33e-05,2012
2012-03-12 20:52:59,5970,2.0053e-06,2.33e-05,2012
2012-03-14 17:14:20,4870,6.532e-07,2.33e-05,2012
2012-03-15 21:55:28,5830,1.5452e-06,2.33e-05,2012
2012-03-15 21:58:18,6950,1.9399e-06,2.33e-05,2012
2012-03-16 01:12:04,5970,2.0053e-06,2.33e-05,2012
2012-03-16 01:12:04,5970,2.0053e-06,2.33e-05,2012
2012-03-16 01:12:04,5970,2.0053e-06,2.33e-05,2012
2012-03-16 15:31:34,5770,1.9401e-06,2.33e-05,2012
2012-03-16 15:31:34,5870,1.906e-06,2.33e-05,2012
2012-03-16 15:31:34,5830,1.5452e-06,2.33e-05,2012
2012-03-17 04:00:44,6970,1.8507e-06,2.33e-05,2012
2012-03-18 09:34:06,6950,1.9399e-06,2.33e-05,2012
2012-03-21 05:04:33,5970,2.0053e-06,2.33e-05,2012
2012-03-21 05:04:33,5870,1.906e-06,2.33e-05,2012
2012-03-21 05:04:33,5850,1.8195e-06,2.33e-05,2012
2012-03-21 07:03:43,5770,1.9401e-06,2.33e-05,2012
2012-03-26 22:04:07,5970,2.0053e-06,2.33e-05,2012
2012-03-27 15:54:36,6950,1.9399e-06,2.33e-05,2012
2012-03-30 04:50:07,6870,1.7264e-06,2.33e-05,2012
2012-03-31 01:07:52,5830,1.5452e-06,2.33e-05,2012
2012-04-02 12:53:54,5830,1.5452e-06,2.33e-05,2012
2012-04-02 23:19:31,6970,1.8507e-06,2.33e-05,2012
2012-04-03 05:13:24,5830,1.5452e-06,2.33e-05,2012
2012-04-03 05:13:24,6870,1.7264e-06,2.33e-05,2012
2012-04-03 05:13:24,5770,1.9401e-06,2.33e-05,2012
2012-04-04 22:15:35,5850,1.8195e-06,2.33e-05,2012
2012-04-05 11:54:33,5830,1.5452e-06,2.33e-05,2012
2012-04-05 11:54:33,5850,1.8195e-06,2.33e-05,2012
2012-04-05 11:54:33,5770,1.9401e-06,2.33e-05,2012
2012-04-05 11:54:33,6850,1.3996e-06,2.33e-05,2012
2012-04-05 17:42:50,6870,1.7264e-06,2.33e-05,2012
2012-04-05 17:42:50,6970,1.8507e-06,2.33e-05,2012
2012-04-05 17:42:50,6870,1.7264e-06,2.33e-05,2012
2012-04-05 17:42:50,5870,1.906e-06,2.33e-05,2012
2012-04-09 17:46:07,5970,2.0053e-06,2.33e-05,2012
2012-04-09 17:46:07,6970,1.8507e-06,2.33e-05,2012
2012-04-10 23:50:04,5770,1.9401e-06,2.33e-05,2012
2012-04-10 23:50:04,5830,1.5452e-06,2.33e-05,2012
2012-04-16 02:46:24,6870,1.7264e-06,2.33e-05,2012
2012-04-16 02:46:24,6950,1.9399e-06,2.33e-05,2012
2012-04-16 03:03:14,5830,1.5452e-06,2.33e-05,2012
2012-04-16 21:39:54,5830,1.5452e-06,2.33e-05,2012
2012-04-17 10:02:06,5870,1.906e-06,2.33e-05,2012
2012-04-17 10:02:06,5870,1.906e-06,2.33e-05,2012
2012-04-17 10:02:06,5850,1.8195e-06,2.33e-05,2012
2012-04-17 10:02:06,5830,1.5452e-06,2.33e-05,2012
2012-04-19 14:41:37,4350,3.46e-07,2.33e-05,2012
2012-04-22 08:58:32,5970,2.0053e-06,2.33e-05,2012
2012-04-22 08:58:32,5970,2.0053e-06,2.33e-05,2012
2012-04-23 00:43:48,5770,1.9401e-06,2.33e-05,2012
2012-04-27 02:31:24,5870,1.906e-06,2.33e-05,2012
2012-04-30 21:18:30,6870,1.7264e-06,2.33e-05,2012
2012-05-01 06:04:42,5970,2.0053e-06,2.33e-05,2012
2012-05-01 06:04:42,5870,1.906e-06,2.33e-05,2012
2012-05-01 06:04:42,5970,2.0053e-06,2.33e-05,2012
2012-05-01 06:04:42,5870,1.906e-06,2.33e-05,2012
2012-05-01 19:35:23,5850,1.8195e-06,2.33e-05,2012
2012-05-01 19:35:23,5970,2.0053e-06,2.33e-05,2012
2012-05-01 19:35:23,5830,1.5452e-06,2.33e-05,2012
2012-05-02 01:15:48,5830,1.5452e-06,2.33e-05,2012
2012-05-02 01:15:48,4850,7.956e-07,2.33e-05,2012
2012-05-02 01:15:48,5850,1.8195e-06,2.33e-05,2012
2012-05-02 01:15:48,6950,1.9399e-06,2.33e-05,2012
2012-05-03 01:08:34,5750,1.401e-06,2.33e-05,2012
2012-05-03 01:08:34,5830,1.5452e-06,2.33e-05,2012
2012-05-03 22:54:11,5970,2.0053e-06,2.33e-05,2012
2012-05-03 22:54:11,6950,1.9399e-06,2.33e-05,2012
2012-05-06 04:53:21,5870,1.906e-06,2.33e-05,2012
2012-05-06 04:53:21,6870,1.7264e-06,2.33e-05,2012
2012-05-06 04:53:21,5830,1.5452e-06,2.33e-05,2012
2012-05-06 06:26:52,5970,2.0053e-06,2.33e-05,2012
2012-05-07 20:59:40,6970,1.8507e-06,2.33e-05,2012
2012-05-08 20:57:00,4850,7.956e-07,2.33e-05,2012
2012-05-09 08:11:02,5830,1.5452e-06,2.33e-05,2012
2012-05-11 10:47:49,6870,1.7264e-06,2.33e-05,2012
2012-05-11 10:47:49,5870,1.906e-06,2.33e-05,2012
2012-05-11 10:47:49,6850,1.3996e-06,2.33e-05,2012
2012-05-11 20:49:02,5870,1.906e-06,2.33e-05,2012
2012-05-17 09:05:11,6870,1.7264e-06,2.33e-05,2012
2012-05-17 09:05:48,5870,1.906e-06,2.33e-05,2012
2012-05-17 09:05:48,5770,1.9401e-06,2.33e-05,2012
2012-05-17 09:05:48,5750,1.401e-06,2.33e-05,2012
2012-05-17 09:06:14,5830,1.5452e-06,2.33e-05,2012
2012-05-17 13:49:21,5870,1.906e-06,2.33e-05,2012
2012-05-18 07:26:54,5830,1.5452e-06,2.33e-05,2012
2012-05-18 07:26:54,5870,1.906e-06,2.33e-05,2012
2012-05-18 07:44:35,5970,2.0053e-06,2.33e-05,2012
2012-05-18 07:44:35,6870,1.7264e-06,2.33e-05,2012
2012-05-18 07:44:35,5830,1.5452e-06,2.33e-05,2012
2012-05-18 07:44:35,5850,1.8195e-06,2.33e-05,2012
2012-05-22 08:34:01,5850,1.8195e-06,2.33e-05,2012
2012-05-22 10:12:50,5770,1.9401e-06,2.33e-05,2012
2012-05-22 10:12:50,5870,1.906e-06,2.33e-05,2012
2012-05-22 10:12:50,5830,1.5452e-06,2.33e-05,2012
2012-05-22 12:02:29,6970,1.8507e-06,2.33e-05,2012
2012-05-23 09:08:59,5770,1.9401e-06,2.33e-05,2012
2012-05-24 05:14:22,5830,1.5452e-06,2.33e-05,2012
2012-05-24 14:25:41,5970,2.0053e-06,2.33e-05,2012
2012-05-24 14:25:41,5870,1.906e-06,2.33e-05,2012
2012-05-26 02:31:04,5750,1.401e-06,2.33e-05,2012
2012-05-31 02:27:33,5870,1.906e-06,2.33e-05,2012
2012-05-31 02:30:18,5770,1.9401e-06,2.33e-05,2012
2012-05-31 02:30:18,6850,1.3996e-06,2.33e-05,2012
2012-06-02 23:23:31,5830,1.5452e-06,2.33e-05,2012
2012-06-08 18:31:45,5770,1.9401e-06,2.33e-05,2012
2012-06-08 18:31:45,5830,1.5452e-06,2.33e-05,2012
2012-06-08 18:31:45,5870,1.906e-06,2.33e-05,2012
2012-06-14 10:00:09,5830,1.5452e-06,2.33e-05,2012
2012-06-14 16:49:03,6670,1.69e-06,2.33e-05,2012
2012-06-14 16:49:03,6870,1.7264e-06,2.33e-05,2012
2012-06-17 11:16:03,5850,1.8195e-06,2.33e-05,2012
2012-06-17 11:16:03,5850,1.8195e-06,2.33e-05,2012
2012-06-19 08:09:03,5850,1.8195e-06,2.33e-05,2012
2012-06-21 10:55:26,5850,1.8195e-06,2.33e-05,2012
2012-06-21 15:28:22,6990,1.9056e-06,2.33e-05,2012
2012-06-21 15:28:22,5970,2.0053e-06,2.33e-05,2012
2012-06-21 16:02:02,5870,1.906e-06,2.33e-05,2012
2012-06-21 16:02:02,5850,1.8195e-06,2.33e-05,2012
2012-06-21 16:46:04,5770,1.9401e-06,2.33e-05,2012
2012-06-21 16:46:04,5970,2.0053e-06,2.33e-05,2012
2012-06-21 21:29:27,5830,1.5452e-06,2.33e-05,2012
2012-06-21 21:29:27,core i7 3930k,6.66e-05,2.33e-05,2012
2012-06-23 07:52:22,6970,1.8507e-06,2.33e-05,2012
2012-06-23 09:28:00,6970,1.8507e-06,2.33e-05,2012
2012-06-23 23:39:18,core i7 2600k,1.86e-05,2.33e-05,2012
2012-06-24 16:32:17,5970,2.0053e-06,2.33e-05,2012
2012-06-24 16:58:14,5770,1.9401e-06,2.33e-05,2012
2012-06-24 17:04:20,5770,1.9401e-06,2.33e-05,2012
2012-06-24 17:04:20,6990,1.9056e-06,2.33e-05,2012
2012-06-24 17:04:20,5870,1.906e-06,2.33e-05,2012
2012-06-24 17:04:20,5830,1.5452e-06,2.33e-05,2012
2012-06-25 13:22:05,5830,1.5452e-06,2.33e-05,2012
2012-06-25 14:02:31,6850,1.3996e-06,2.33e-05,2012
2012-06-25 16:46:05,6950,1.9399e-06,2.33e-05,2012
2012-06-25 22:53:04,5970,2.0053e-06,2.33e-05,2012
2012-06-25 22:53:04,5970,2.0053e-06,2.33e-05,2012
2012-06-30 01:39:02,5850,1.8195e-06,2.33e-05,2012
2012-06-30 01:39:02,5870,1.906e-06,2.33e-05,2012
2012-06-30 01:39:02,5830,1.5452e-06,2.33e-05,2012
2012-06-30 14:13:09,icarus,1.979e-05,2.33e-05,2012
2012-07-01 13:15:50,6950,1.9399e-06,2.33e-05,2012
2012-07-03 01:02:46,5970,2.0053e-06,2.33e-05,2012
2012-07-03 07:01:20,5970,2.0053e-06,2.33e-05,2012
2012-07-04 03:15:14,5870,1.906e-06,2.33e-05,2012
2012-07-04 03:15:14,5970,2.0053e-06,2.33e-05,2012
2012-07-05 18:46:33,5970,2.0053e-06,2.33e-05,2012
2012-07-05 18:46:33,5870,1.906e-06,2.33e-05,2012
2012-07-05 19:04:12,5850,1.8195e-06,2.33e-05,2012
2012-07-05 19:04:12,icarus,1.979e-05,2.33e-05,2012
2012-07-07 06:29:31,5970,2.0053e-06,2.33e-05,2012
2012-07-07 06:29:31,5870,1.906e-06,2.33e-05,2012
2012-07-08 08:33:20,5970,2.0053e-06,2.33e-05,2012
2012-07-08 22:21:20,5870,1.906e-06,2.33e-05,2012
2012-07-09 20:20:48,5970,2.0053e-06,2.33e-05,2012
2012-07-09 20:20:48,5870,1.906e-06,2.33e-05,2012
2012-07-09 21:52:41,5850,1.8195e-06,2.33e-05,2012
2012-07-12 13:29:41,5970,2.0053e-06,2.33e-05,2012
2012-07-12 13:58:24,5970,2.0053e-06,2.33e-05,2012
2012-07-23 11:14:06,5850,1.8195e-06,2.33e-05,2012
2012-07-23 11:14:06,4850,7.956e-07,2.33e-05,2012
2012-07-24 17:44:14,5970,2.0053e-06,2.33e-05,2012
2012-07-25 00:11:17,5850,1.8195e-06,2.33e-05,2012
2012-07-25 00:11:17,5830,1.5452e-06,2.33e-05,2012
2012-07-25 00:11:17,5770,1.9401e-06,2.33e-05,2012
2012-07-30 13:54:18,5970,2.0053e-06,2.33e-05,2012
2012-07-30 13:54:18,5830,1.5452e-06,2.33e-05,2012
2012-07-30 17:32:50,6870,1.7264e-06,2.33e-05,2012
2012-07-31 20:32:43,5850,1.8195e-06,2.33e-05,2012
2012-08-01 04:32:53,5870,1.906e-06,2.33e-05,2012
2012-08-01 06:22:57,6970,1.8507e-06,2.33e-05,2012
2012-08-02 21:48:12,5850,1.8195e-06,2.33e-05,2012
2012-08-02 21:48:12,5830,1.5452e-06,2.33e-05,2012
2012-08-02 21:48:12,5870,1.906e-06,2.33e-05,2012
2012-08-03 04:48:33,5830,1.5452e-06,2.33e-05,2012
2012-08-03 04:48:33,5850,1.8195e-06,2.33e-05,2012
2012-08-05 19:15:13,5870,1.906e-06,2.33e-05,2012
2012-08-05 19:15:13,5830,1.5452e-06,2.33e-05,2012
2012-08-05 19:15:13,5970,2.0053e-06,2.33e-05,2012
2012-08-06 09:20:58,6850,1.3996e-06,2.33e-05,2012
2012-08-06 09:20:58,icarus,1.979e-05,2.33e-05,2012
2012-08-06 09:20:58,5970,2.0053e-06,2.33e-05,2012
2012-08-06 21:37:11,5970,2.0053e-06,2.33e-05,2012
2012-08-06 21:37:11,5970,2.0053e-06,2.33e-05,2012
2012-08-07 10:19:12,6850,1.3996e-06,2.33e-05,2012
2012-08-07 12:34:27,5970,2.0053e-06,2.33e-05,2012
2012-08-10 11:22:07,5970,2.0053e-06,2.33e-05,2012
2012-08-12 04:15:41,6950,1.9399e-06,2.33e-05,2012
2012-08-12 04:15:41,5830,1.5452e-06,2.33e-05,2012
2012-08-14 08:45:17,5970,2.0053e-06,2.33e-05,2012
2012-08-17 12:37:14,5870,1.906e-06,2.33e-05,2012
2012-08-18 02:08:20,6870,1.7264e-06,2.33e-05,2012
2012-08-18 11:10:06,5850,1.8195e-06,2.33e-05,2012
2012-08-18 11:10:06,5870,1.906e-06,2.33e-05,2012
2012-08-18 11:10:06,5970,2.0053e-06,2.33e-05,2012
2012-08-18 14:38:58,icarus,1.979e-05,2.33e-05,2012
2012-08-18 14:38:58,6950,1.9399e-06,2.33e-05,2012
2012-08-19 02:18:03,5970,2.0053e-06,2.33e-05,2012
2012-08-19 02:19:24,5970,2.0053e-06,2.33e-05,2012
2012-08-19 02:19:24,5970,2.0053e-06,2.33e-05,2012
2012-08-22 11:19:30,icarus,1.979e-05,2.33e-05,2012
2012-08-22 13:39:07,5870,1.906e-06,2.33e-05,2012
2012-08-22 23:41:28,5830,1.5452e-06,2.33e-05,2012
2012-08-23 09:45:51,5850,1.8195e-06,2.33e-05,2012
2012-08-23 12:27:21,5870,1.906e-06,2.33e-05,2012
2012-08-25 09:34:38,5830,1.5452e-06,2.33e-05,2012
2012-08-25 09:34:38,5970,2.0053e-06,2.33e-05,2012
2012-08-25 09:34:38,5870,1.906e-06,2.33e-05,2012
2012-08-27 20:37:50,5970,2.0053e-06,2.33e-05,2012
2012-08-27 20:37:50,6970,1.8507e-06,2.33e-05,2012
2012-08-28 06:24:55,5850,1.8195e-06,2.33e-05,2012
2012-08-28 06:24:55,5970,2.0053e-06,2.33e-05,2012
2012-08-28 06:24:55,5830,1.5452e-06,2.33e-05,2012
2012-08-28 06:24:55,5970,2.0053e-06,2.33e-05,2012
2012-08-28 23:32:38,5970,2.0053e-06,2.33e-05,2012
2012-08-30 05:34:02,5970,2.0053e-06,2.33e-05,2012
2012-08-30 05:51:18,5870,1.906e-06,2.33e-05,2012
2012-08-30 05:51:18,5870,1.906e-06,2.33e-05,2012
2012-08-30 05:51:18,5970,2.0053e-06,2.33e-05,2012
2012-08-30 05:51:18,5870,1.906e-06,2.33e-05,2012
2012-08-30 05:51:18,5830,1.5452e-06,2.33e-05,2012
2012-08-30 05:51:18,5970,2.0053e-06,2.33e-05,2012
2012-09-02 22:34:17,5770,1.9401e-06,2.33e-05,2012
2012-09-09 20:48:10,5850,1.8195e-06,2.33e-05,2012
2012-09-10 15:31:01,5970,2.0053e-06,2.33e-05,2012
2012-09-10 15:31:01,5870,1.906e-06,2.33e-05,2012
2012-09-11 00:42:49,6670,1.69e-06,2.33e-05,2012
2012-09-11 00:42:49,5450,6.31e-07,2.33e-05,2012
2012-09-12 02:35:39,5870,1.906e-06,2.33e-05,2012
2012-09-13 15:33:39,6670,1.69e-06,2.33e-05,2012
2012-09-13 22:22:38,4670,6.46e-07,2.33e-05,2012
2012-09-13 22:22:38,4570m,2.985e-07,2.33e-05,2012
2012-09-14 23:46:34,5830,1.5452e-06,2.33e-05,2012
2012-09-16 01:08:01,5830,1.5452e-06,2.33e-05,2012
2012-09-16 01:08:01,5970,2.0053e-06,2.33e-05,2012
2012-09-17 21:34:07,gtx680,1.2e-06,2.33e-05,2012
2012-09-18 05:41:03,5870,1.906e-06,2.33e-05,2012
2012-09-19 20:43:27,5870,1.906e-06,2.33e-05,2012
2012-09-20 17:17:29,6870,1.7264e-06,2.33e-05,2012
2012-09-22 20:25:19,6950,1.9399e-06,2.33e-05,2012
2012-09-26 16:27:34,5970,2.0053e-06,2.33e-05,2012
2012-09-27 17:59:01,5830,1.5452e-06,2.33e-05,2012
2012-09-27 17:59:01,9500gt,1.35e-07,2.33e-05,2012
2012-09-27 17:59:01,9500gt,1.35e-07,2.33e-05,2012
2012-09-28 03:35:07,6870,1.7264e-06,2.33e-05,2012
2012-09-29 20:43:52,5970,2.0053e-06,2.33e-05,2012
2012-09-29 20:43:52,5830,1.5452e-06,2.33e-05,2012
2012-09-29 20:43:52,5970,2.0053e-06,2.33e-05,2012
2012-09-30 16:13:16,6870,1.7264e-06,2.33e-05,2012
2012-09-30 20:12:08,5770,1.9401e-06,2.33e-05,2012
2012-09-30 20:12:08,5830,1.5452e-06,2.33e-05,2012
2012-10-07 08:50:16,5830,1.5452e-06,2.33e-05,2012
2012-10-10 19:25:13,6850,1.3996e-06,2.33e-05,2012
2012-10-10 19:25:13,5970,2.0053e-06,2.33e-05,2012
2012-10-12 10:06:48,icarus,1.979e-05,2.33e-05,2012
2012-10-13 02:31:16,5970,2.0053e-06,2.33e-05,2012
2012-10-13 15:01:44,5970,2.0053e-06,2.33e-05,2012
2012-10-13 17:44:21,5970,2.0053e-06,2.33e-05,2012
2012-10-15 21:22:22,6670,1.69e-06,2.33e-05,2012
2012-10-15 22:35:47,5850,1.8195e-06,2.33e-05,2012
2012-10-17 05:41:32,5970,2.0053e-06,2.33e-05,2012
2012-10-17 05:41:46,5970,2.0053e-06,2.33e-05,2012
2012-10-18 19:22:23,5850,1.8195e-06,2.33e-05,2012
2012-10-18 19:22:23,5830,1.5452e-06,2.33e-05,2012
2012-10-23 20:00:46,6970,1.8507e-06,2.33e-05,2012
2012-10-23 20:00:46,6950,1.9399e-06,2.33e-05,2012
2012-10-26 18:03:39,5830,1.5452e-06,2.33e-05,2012
2012-10-26 18:03:39,6950,1.9399e-06,2.33e-05,2012
2012-10-26 18:03:39,5830,1.5452e-06,2.33e-05,2012
2012-11-01 14:08:22,5770,1.9401e-06,2.33e-05,2012
2012-11-01 14:08:22,5830,1.5452e-06,2.33e-05,2012
2012-11-01 14:08:22,5850,1.8195e-06,2.33e-05,2012
2012-11-13 15:47:24,5770,1.9401e-06,2.33e-05,2012
2012-11-17 07:49:35,5850,1.8195e-06,2.33e-05,2012
2012-11-17 07:49:35,5850,1.8195e-06,2.33e-05,2012
2012-11-19 01:00:29,5850,1.8195e-06,2.33e-05,2012
2012-11-19 01:00:29,5970,2.0053e-06,2.33e-05,2012
2012-11-23 23:49:47,5850,1.8195e-06,0.00025,2012
2012-11-23 23:49:47,5830,1.5452e-06,0.00025,2012
2012-11-24 22:22:53,5870,1.906e-06,0.00025,2012
2012-11-26 06:16:34,5850,1.8195e-06,0.00025,2012
2012-11-26 11:53:12,5830,1.5452e-06,0.00025,2012
2012-11-27 08:36:31,5830,1.5452e-06,0.00025,2012
2012-11-27 08:51:51,5830,1.5452e-06,0.00025,2012
2012-11-30 23:34:18,5770,1.9401e-06,0.00025,2012
2012-11-30 23:34:18,5850,1.8195e-06,0.00025,2012
2012-12-01 17:12:48,5850,1.8195e-06,0.00025,2012
2012-12-01 22:23:29,5830,1.5452e-06,0.00025,2012
2012-12-01 22:23:29,6950,1.9399e-06,0.00025,2012
2012-12-01 22:23:29,5870,1.906e-06,0.00025,2012
2012-12-01 22:23:29,4870,6.532e-07,0.00025,2012
2012-12-01 22:23:29,5850,1.8195e-06,0.00025,2012
2012-12-05 06:08:22,5850,1.8195e-06,0.00025,2012
2012-12-05 06:08:22,5850,1.8195e-06,0.00025,2012
2012-12-05 17:09:01,5870,1.906e-06,0.00025,2012
2012-12-05 17:09:01,5970,2.0053e-06,0.00025,2012
2012-12-05 17:09:01,6870,1.7264e-06,0.00025,2012
2012-12-05 17:09:01,5850,1.8195e-06,0.00025,2012
2012-12-07 02:26:42,5830,1.5452e-06,0.00025,2012
2012-12-13 21:23:52,6950,1.9399e-06,0.00025,2012
2012-12-13 21:23:52,5830,1.5452e-06,0.00025,2012
2012-12-17 07:39:00,6970,1.8507e-06,0.00025,2012
2012-12-24 07:40:27,6850,1.3996e-06,0.00025,2012
2012-12-24 07:40:27,6950,1.9399e-06,0.00025,2012
2012-12-29 02:53:13,6950,1.9399e-06,0.00025,2012
2012-12-31 21:22:08,6970,1.8507e-06,0.00025,2012
2012-12-31 21:22:08,5830,1.5452e-06,0.00025,2012
2013-01-03 00:26:22,6970,1.8507e-06,0.00025,2013
2013-01-03 00:26:22,6950,1.9399e-06,0.00025,2013
2013-01-08 09:23:47,5970,2.0053e-06,0.00025,2013
2013-01-18 23:55:52,5850,1.8195e-06,0.00025,2013
2013-01-28 02:49:44,5770,1.9401e-06,0.00025,2013
2013-02-03 14:33:31,5970,2.0053e-06,0.00025,2013
2013-02-13 00:52:58,5970,2.0053e-06,0.00025,2013
2013-02-16 22:04:31,5970,2.0053e-06,0.00025,2013
2013-02-19 20:33:57,6950,1.9399e-06,0.00025,2013
2013-02-25 14:08:20,5830,1.5452e-06,0.00025,2013
2013-02-26 12:49:44,5830,1.5452e-06,0.00025,2013
2013-02-26 20:46:15,5870,1.906e-06,0.00025,2013
2013-02-27 19:51:32,5870,1.906e-06,0.00025,2013
2013-02-27 19:51:32,5830,1.5452e-06,0.00025,2013
2013-02-27 19:51:32,6950,1.9399e-06,0.00025,2013
2013-02-27 19:51:32,6450,1.709e-06,0.00025,2013
2013-02-27 19:51:32,6970,1.8507e-06,0.00025,2013
2013-03-04 14:38:22,7850,0.000191,0.00025,2013
2013-03-05 17:56:32,6870,1.7264e-06,0.00025,2013
2013-03-05 17:56:32,6970,1.8507e-06,0.00025,2013
2013-03-05 17:56:32,5850,1.8195e-06,0.00025,2013
2013-03-07 18:55:57,5970,2.0053e-06,0.00025,2013
2013-03-08 21:49:15,6950,1.9399e-06,0.00025,2013
2013-03-09 22:57:56,7850,0.000191,0.00025,2013
2013-03-11 01:01:51,5550,1.041e-06,0.00025,2013
2013-03-13 05:25:37,5870,1.906e-06,0.00025,2013
2013-03-14 13:50:39,5850,1.8195e-06,0.00025,2013
2013-03-18 02:37:59,6870,1.7264e-06,0.00025,2013
2013-03-18 04:52:45,6950,1.9399e-06,0.00025,2013
2013-03-20 05:27:56,5550,1.041e-06,0.00025,2013
2013-03-20 05:27:56,5830,1.5452e-06,0.00025,2013
2013-03-20 10:02:08,5870,1.906e-06,0.00025,2013
2013-03-22 06:19:08,5770,1.9401e-06,0.00025,2013
2013-03-22 06:19:08,5850,1.8195e-06,0.00025,2013
2013-03-22 09:26:57,6950,1.9399e-06,0.00025,2013
2013-03-26 22:40:23,5770,1.9401e-06,0.00025,2013
2013-03-27 09:35:16,7850,0.000191,0.00025,2013
2013-03-27 09:35:16,6950,1.9399e-06,0.00025,2013
2013-03-28 11:51:36,5970,2.0053e-06,0.00025,2013
2013-03-31 18:09:30,5850,1.8195e-06,0.00025,2013
2013-03-31 18:09:30,5850,1.8195e-06,0.00025,2013
2013-03-31 18:09:30,6870,1.7264e-06,0.00025,2013
2013-04-01 03:18:03,5970,2.0053e-06,0.00025,2013
2013-04-02 17:29:13,6870,1.7264e-06,0.00025,2013
2013-04-02 17:29:13,6950,1.9399e-06,0.00025,2013
2013-04-02 19:42:29,5970,2.0053e-06,0.00025,2013
2013-04-02 19:42:29,5870,1.906e-06,0.00025,2013
2013-04-02 19:42:29,5850,1.8195e-06,0.00025,2013
2013-04-02 23:22:48,icarus,1.979e-05,0.00025,2013
2013-04-03 19:29:26,5870,1.906e-06,0.00025,2013
2013-04-04 00:41:46,6790,1.467e-06,0.00025,2013
2013-04-04 00:51:53,6990,1.9056e-06,0.00025,2013
2013-04-04 17:39:23,5850,1.8195e-06,0.00025,2013
2013-04-05 02:07:50,5970,2.0053e-06,0.00025,2013
2013-04-05 02:57:31,bfl single 'sc',0.00025,0.00025,2013
2013-04-05 03:08:47,core i7 3770k,5.2e-06,0.00025,2013
2013-04-06 03:52:04,7850,0.000191,0.00025,2013
2013-04-06 19:47:27,6850,1.3996e-06,0.00025,2013
2013-04-07 12:34:50,7850,0.000191,0.00025,2013
2013-04-08 01:38:25,mips,2.6e-08,0.00025,2013
2013-04-08 03:33:22,6870,1.7264e-06,0.00025,2013
2013-04-08 06:05:05,5850,1.8195e-06,0.00025,2013
2013-04-08 06:05:05,5830,1.5452e-06,0.00025,2013
2013-04-08 10:41:25,5850,1.8195e-06,0.00025,2013
2013-04-09 01:06:43,6990,1.9056e-06,0.00025,2013
2013-04-09 01:06:43,5870,1.906e-06,0.00025,2013
2013-04-09 01:06:43,5830,1.5452e-06,0.00025,2013
2013-04-09 03:51:54,6950,1.9399e-06,0.00025,2013
2013-04-09 04:24:32,6950,1.9399e-06,0.00025,2013
2013-04-09 05:55:55,6490m,7.08e-07,0.00025,2013
2013-04-10 23:04:27,5850,1.8195e-06,0.00025,2013
2013-04-11 15:17:46,5970,2.0053e-06,0.00025,2013
2013-04-11 15:17:46,5970,2.0053e-06,0.00025,2013
2013-04-11 20:16:28,5870,1.906e-06,0.00025,2013
2013-04-12 21:00:43,5850,1.8195e-06,0.00025,2013
2013-04-12 21:00:43,6790,1.467e-06,0.00025,2013
2013-04-12 21:00:43,6870,1.7264e-06,0.00025,2013
2013-04-17 03:42:38,6950,1.9399e-06,0.00025,2013
2013-04-17 04:30:52,6990,1.9056e-06,0.00025,2013
2013-04-18 05:20:41,5450,6.31e-07,0.00025,2013
2013-04-18 05:20:41,6850,1.3996e-06,0.00025,2013
2013-04-18 08:12:56,7850,0.000191,0.00025,2013
2013-04-20 19:33:22,5970,2.0053e-06,0.00025,2013
2013-04-22 18:34:34,5870,1.906e-06,0.00025,2013
2013-04-22 18:34:34,5830,1.5452e-06,0.00025,2013
2013-04-22 21:45:48,5830,1.5452e-06,0.00025,2013
2013-04-23 22:40:22,5750,1.401e-06,0.00025,2013
2013-04-24 14:20:55,5870,1.906e-06,0.00025,2013
2013-04-24 14:20:55,5830,1.5452e-06,0.00025,2013
2013-04-24 14:20:55,5850,1.8195e-06,0.00025,2013
2013-04-25 14:24:27,5850,1.8195e-06,0.00025,2013
2013-04-25 14:24:27,5850,1.8195e-06,0.00025,2013
2013-04-25 14:54:28,5450,6.31e-07,0.00025,2013
2013-04-25 14:54:28,6850,1.3996e-06,0.00025,2013
2013-04-27 05:29:47,avalon batch 1,0.000107,0.00025,2013
2013-04-27 08:55:56,5970,2.0053e-06,0.00025,2013
2013-04-27 22:54:26,6850,1.3996e-06,0.00025,2013
2013-04-27 22:54:26,5970,2.0053e-06,0.00025,2013
2013-04-27 23:49:06,8800 gts,1.24e-07,0.00025,2013
2013-04-28 00:23:17,5850,1.8195e-06,0.00025,2013
2013-04-28 02:27:51,5770,1.9401e-06,0.00025,2013
2013-04-28 02:27:51,6950,1.9399e-06,0.00025,2013
2013-04-28 02:27:51,5870,1.906e-06,0.00025,2013
2013-04-28 19:23:38,5770,1.9401e-06,0.00025,2013
2013-04-29 02:37:59,5970,2.0053e-06,0.00025,2013
2013-05-01 10:10:29,5970,2.0053e-06,0.00025,2013
2013-05-01 10:10:29,5970,2.0053e-06,0.00025,2013
2013-05-01 10:39:02,6950,1.9399e-06,0.00025,2013
2013-05-02 18:49:03,7850,0.000191,0.00025,2013
2013-05-05 04:36:27,8800gt,2.672e-07,0.00025,2013
2013-05-05 04:36:27,7850,0.000191,0.00025,2013
2013-05-05 04:36:27,6950,1.9399e-06,0.00025,2013
2013-05-06 23:32:51,7850,0.000191,0.00025,2013
2013-05-07 13:59:14,5970,2.0053e-06,0.00025,2013
2013-05-08 00:53:37,5830,1.5452e-06,0.00025,2013
2013-05-08 00:53:37,5770,1.9401e-06,0.00025,2013
2013-05-08 05:26:36,5830,1.5452e-06,0.00025,2013
2013-05-08 19:41:51,5850,1.8195e-06,0.00025,2013
2013-05-09 20:33:34,5970,2.0053e-06,0.00025,2013
2013-05-09 20:33:34,5770,1.9401e-06,0.00025,2013
2013-05-10 00:46:38,7870 xt,3.09e-06,0.00025,2013
2013-05-10 06:57:53,6950,1.9399e-06,0.00025,2013
2013-05-10 20:57:07,6850,1.3996e-06,0.00025,2013
2013-05-11 19:34:14,6850,1.3996e-06,0.00025,2013
2013-05-11 19:34:14,7850,0.000191,0.00025,2013
2013-05-11 21:41:18,5770,1.9401e-06,0.00025,2013
2013-05-11 21:41:18,5970,2.0053e-06,0.00025,2013
2013-05-12 07:59:25,6990,1.9056e-06,0.00025,2013
2013-05-12 07:59:25,5970,2.0053e-06,0.00025,2013
2013-05-12 07:59:25,5970,2.0053e-06,0.00025,2013
2013-05-12 18:50:03,7850,0.000191,0.00025,2013
2013-05-14 17:47:22,7850,0.000191,0.00025,2013
2013-05-14 20:11:17,6970,1.8507e-06,0.00025,2013
2013-05-14 20:11:17,5770,1.9401e-06,0.00025,2013
2013-05-15 16:24:49,5970,2.0053e-06,0.00025,2013
2013-05-15 22:54:18,5870,1.906e-06,0.00025,2013
2013-05-15 23:03:09,6970,1.8507e-06,0.00025,2013
2013-05-15 23:03:09,5850,1.8195e-06,0.00025,2013
2013-05-15 23:03:09,6870,1.7264e-06,0.00025,2013
2013-05-15 23:45:14,6950,1.9399e-06,0.00025,2013
2013-05-16 21:11:45,3410,7.4e-08,0.00025,2013
2013-05-16 21:11:45,8800gts,1.09e-07,0.00025,2013
2013-05-18 01:10:45,7870 xt,3.09e-06,0.00025,2013
2013-05-18 01:10:45,7870 xt,3.09e-06,0.00025,2013
2013-05-18 14:39:07,6870,1.7264e-06,0.00025,2013
2013-05-18 17:22:06,6950,1.9399e-06,0.00025,2013
2013-05-18 17:22:06,5850,1.8195e-06,0.00025,2013
2013-05-20 06:27:17,6950,1.9399e-06,0.00025,2013
2013-05-22 01:52:36,5870,1.906e-06,0.00025,2013
2013-05-22 01:52:36,6950,1.9399e-06,0.00025,2013
2013-05-23 02:25:00,avalon batch 1,0.000107,0.00025,2013
2013-05-23 06:05:42,6870,1.7264e-06,0.00025,2013
2013-05-23 06:05:42,6970,1.8507e-06,0.00025,2013
2013-05-27 14:49:33,6950,1.9399e-06,0.00025,2013
2013-05-27 14:49:33,6670,1.69e-06,0.00025,2013
2013-05-27 14:49:33,5850,1.8195e-06,0.00025,2013
2013-05-27 23:51:47,5850,1.8195e-06,0.00025,2013
2013-05-29 16:10:51,6950,1.9399e-06,0.00025,2013
2013-05-30 15:20:52,5850,1.8195e-06,0.00025,2013
2013-06-01 17:19:04,6990,1.9056e-06,0.00025,2013
2013-06-03 14:42:36,7870 xt,3.09e-06,0.00025,2013
2013-06-05 02:31:22,7850,0.000191,0.00025,2013
2013-06-05 02:31:22,6870,1.7264e-06,0.00025,2013
2013-06-05 10:47:22,5850,1.8195e-06,0.00025,2013
2013-06-05 18:55:04,6850,1.3996e-06,0.00025,2013
2013-06-05 22:08:02,6990,1.9056e-06,0.00025,2013
2013-06-06 15:42:56,6870,1.7264e-06,0.00025,2013
2013-06-06 16:45:14,klondike,0.00016,0.00025,2013
2013-06-06 17:01:48,6870,1.7264e-06,0.00025,2013
2013-06-06 22:17:13,knc jupiter,0.0004,0.00025,2013
2013-06-06 23:49:57,5970,2.0053e-06,0.00025,2013
2013-06-07 18:26:49,4850,7.956e-07,0.00025,2013
2013-06-07 18:26:49,4850,7.956e-07,0.00025,2013
2013-06-07 18:26:49,7850,0.000191,0.00025,2013
2013-06-07 18:26:49,5970,2.0053e-06,0.00025,2013
2013-06-07 18:26:49,7850,0.000191,0.00025,2013
2013-06-07 18:26:49,4770,9.04e-07,0.00025,2013
2013-06-07 18:26:49,4770,9.04e-07,0.00025,2013
2013-06-07 23:09:14,knc jupiter,0.0004,0.00025,2013
2013-06-09 05:59:20,6950,1.9399e-06,0.00025,2013
2013-06-09 14:07:13,6670,1.69e-06,0.00025,2013
2013-06-09 18:37:26,5850,1.8195e-06,0.00025,2013
2013-06-10 14:52:44,5850,1.8195e-06,0.00025,2013
2013-06-10 20:10:03,knc jupiter,0.0004,0.00025,2013
2013-06-10 21:10:54,6870,1.7264e-06,0.00025,2013
2013-06-11 02:45:02,5850,1.8195e-06,0.00025,2013
2013-06-11 02:45:02,5870,1.906e-06,0.00025,2013
2013-06-13 21:44:58,5830,1.5452e-06,0.00025,2013
2013-06-14 03:32:30,6950,1.9399e-06,0.00025,2013
2013-06-14 04:40:48,7870 xt,3.09e-06,0.00025,2013
2013-06-15 20:16:48,7850,0.000191,0.00025,2013
2013-06-16 14:06:51,6870,1.7264e-06,0.00025,2013
2013-06-16 14:06:51,5870,1.906e-06,0.00025,2013
2013-06-16 14:06:51,6850,1.3996e-06,0.00025,2013
2013-06-21 17:06:38,knc jupiter,0.0004,0.00025,2013
2013-06-21 20:03:36,knc jupiter,0.0004,0.00025,2013
2013-06-23 00:15:56,5970,2.0053e-06,0.0004,2013
2013-06-23 22:45:39,6950,1.9399e-06,0.0004,2013
2013-06-24 01:05:56,6990,1.9056e-06,0.0004,2013
2013-06-24 09:17:25,6850,1.3996e-06,0.0004,2013
2013-06-24 09:17:25,6950,1.9399e-06,0.0004,2013
2013-06-24 09:17:25,core i7 3770k,5.2e-06,0.0004,2013
2013-06-25 03:17:22,5770,1.9401e-06,0.0004,2013
2013-06-25 03:17:22,7850,0.000191,0.0004,2013
2013-06-25 03:17:22,5850,1.8195e-06,0.0004,2013
2013-06-25 06:18:47,6950,1.9399e-06,0.0004,2013
2013-06-26 16:44:29,core 2 duo e6850,6.75e-06,0.0004,2013
2013-06-26 16:57:13,knc jupiter,0.0004,0.0004,2013
2013-06-27 13:00:58,5970,2.0053e-06,0.0004,2013
2013-06-30 00:26:06,7850,0.000191,0.0004,2013
2013-07-02 13:20:04,6990,1.9056e-06,0.0004,2013
2013-07-02 13:20:04,6870,1.7264e-06,0.0004,2013
2013-07-02 13:20:04,5970,2.0053e-06,0.0004,2013
2013-07-02 13:20:04,6990,1.9056e-06,0.0004,2013
2013-07-02 13:20:04,6870,1.7264e-06,0.0004,2013
2013-07-03 06:10:09,7850,0.000191,0.0004,2013
2013-07-03 11:21:18,7850,0.000191,0.0004,2013
2013-07-04 02:15:17,6870,1.7264e-06,0.0004,2013
2013-07-04 15:42:38,5970,2.0053e-06,0.0004,2013
2013-07-06 18:30:45,6870,1.7264e-06,0.0004,2013
2013-07-07 16:31:10,5970,2.0053e-06,0.0004,2013
2013-07-07 16:31:10,5870,1.906e-06,0.0004,2013
2013-07-07 20:50:58,terrahash klondike 16,0.00014,0.0004,2013
2013-07-10 16:49:13,knc saturn,0.0004,0.0004,2013
2013-07-12 12:04:53,klondike,0.00016,0.0004,2013
2013-07-13 13:08:10,x6500 fpga miner,2.325e-05,0.0004,2013
2013-07-15 17:34:36,avalon batch 3,0.000117,0.0004,2013
2013-07-16 02:43:25,bfl single 'sc',0.00025,0.0004,2013
2013-07-17 15:55:25,5850,1.8195e-06,0.0004,2013
2013-07-18 10:11:53,5850,1.8195e-06,0.0004,2013
2013-07-18 14:22:42,5830,1.5452e-06,0.0004,2013
2013-07-18 14:22:42,5850,1.8195e-06,0.0004,2013
2013-07-18 14:22:42,5870,1.906e-06,0.0004,2013
2013-07-18 23:47:04,5830,1.5452e-06,0.0004,2013
2013-07-18 23:47:04,5970,2.0053e-06,0.0004,2013
2013-07-22 11:12:45,5850,1.8195e-06,0.0004,2013
2013-07-22 16:07:04,5750,1.401e-06,0.0004,2013
2013-07-22 16:07:04,5850,1.8195e-06,0.0004,2013
2013-07-22 21:43:13,5770,1.9401e-06,0.0004,2013
2013-07-22 21:43:13,5830,1.5452e-06,0.0004,2013
2013-07-25 14:59:17,4670,6.46e-07,0.0004,2013
2013-07-30 22:39:31,avalon batch 3,0.000117,0.0004,2013
2013-07-30 23:46:57,5850,1.8195e-06,0.0004,2013
2013-08-02 21:22:11,core i7 3770k,5.2e-06,0.0004,2013
2013-08-02 23:21:59,5830,1.5452e-06,0.0004,2013
2013-08-02 23:21:59,5850,1.8195e-06,0.0004,2013
2013-08-02 23:21:59,5870,1.906e-06,0.0004,2013
2013-08-04 09:02:27,6950,1.9399e-06,0.0004,2013
2013-08-04 18:38:43,knc jupiter,0.0004,0.0004,2013
2013-08-05 16:56:45,7850,0.000191,0.0004,2013
2013-08-05 21:21:08,6670,1.69e-06,0.0004,2013
2013-08-06 17:04:59,asicminer be blade,0.000129,0.0004,2013
2013-08-08 11:00:48,avalon batch 1,0.000107,0.0004,2013
2013-08-09 01:00:23,7870 xt,3.09e-06,0.0004,2013
2013-08-10 03:57:13,5450,6.31e-07,0.0004,2013
2013-08-13 08:29:27,5870,1.906e-06,0.0004,2013
2013-08-18 12:57:05,6950,1.9399e-06,0.0004,2013
2013-08-19 01:21:37,asicminer be blade,0.000129,0.0004,2013
2013-08-19 03:17:44,avalon batch 1,0.000107,0.0004,2013
2013-08-21 00:51:51,7750,2.66e-06,0.0004,2013
2013-08-23 19:09:47,6850,1.3996e-06,0.0004,2013
2013-08-24 03:09:07,5970,2.0053e-06,0.0004,2013
2013-08-24 03:09:07,5770,1.9401e-06,0.0004,2013
2013-08-24 03:09:07,5870,1.906e-06,0.0004,2013
2013-08-28 05:10:46,bfl single 'sc',0.00025,0.0004,2013
2013-08-29 11:07:18,asicminer be blade,0.000129,0.0004,2013
2013-09-01 11:08:35,6950,1.9399e-06,0.0004,2013
2013-09-11 02:12:02,7870 xt,3.09e-06,0.0004,2013
2013-09-18 17:24:52,red/bluefury,0.00104,0.0004,2013
2013-09-20 04:55:37,5970,2.0053e-06,0.000909,2013
2013-09-22 17:18:33,5870,1.906e-06,0.000909,2013
2013-09-22 19:43:01,hashfast sierra,0.000909,0.000909,2013
2013-09-27 18:11:36,blue fury,0.001,0.000909,2013
2013-09-28 14:29:34,5770,1.9401e-06,0.000909,2013
2013-10-02 01:37:04,5870,1.906e-06,0.000909,2013
2013-10-02 14:48:51,bfl single 'sc',0.00025,0.000909,2013
2013-10-02 23:40:32,asicminer be blade,0.000129,0.000909,2013
2013-10-17 15:30:51,blue fury,0.001,0.000909,2013
2013-10-26 16:37:58,asicminer be blade,0.000129,0.000909,2013
2013-10-28 13:38:10,6450,1.709e-06,0.000909,2013
2013-10-28 13:38:10,6870,1.7264e-06,0.000909,2013
2013-10-28 13:38:10,7750,2.66e-06,0.000909,2013
2013-11-09 17:30:55,5770,1.9401e-06,0.000909,2013
2013-11-13 13:53:52,5830,1.5452e-06,0.000909,2013
2013-11-21 13:14:38,bfl single 'sc',0.00025,0.000909,2013
2013-11-25 20:26:24,5770,1.9401e-06,0.000909,2013
2013-11-27 13:46:23,knc neptune,0.001429,0.001429,2013
2013-11-28 17:21:58,asicminer be blade,0.000129,0.001429,2013
2013-11-29 15:18:54,asicminer be blade,0.000129,0.001429,2013
2013-11-29 17:42:23,6950,1.9399e-06,0.001429,2013
2013-12-02 08:25:22,asicminer be cube,0.00015,0.001429,2013
2013-12-02 19:56:27,knc neptune,0.001429,0.001429,2013
2013-12-02 20:00:12,5830,1.5452e-06,0.001429,2013
2013-12-02 20:00:12,core i7 3930k,6.66e-05,0.001429,2013
2013-12-04 19:23:47,blue fury,0.001,0.001429,2013
2013-12-05 10:10:41,5850,1.8195e-06,0.001429,2013
2013-12-05 20:43:17,knc neptune,0.001429,0.001429,2013
2013-12-05 21:06:23,knc neptune,0.001429,0.001429,2013
2013-12-06 20:34:12,knc jupiter,0.0004,0.001429,2013
2013-12-08 23:48:32,5970,2.0053e-06,0.001429,2013
2013-12-09 21:32:59,bfl single 'sc',0.00025,0.001429,2013
2013-12-09 23:44:43,7850,0.000191,0.001429,2013
2013-12-10 05:31:59,6870,1.7264e-06,0.001429,2013
2013-12-10 05:31:59,5870,1.906e-06,0.001429,2013
2013-12-10 05:38:46,7850,0.000191,0.001429,2013
2013-12-11 13:23:57,5830,1.5452e-06,0.001429,2013
2013-12-11 17:16:56,knc neptune,0.001429,0.001429,2013
2013-12-18 04:41:29,knc jupiter,0.0004,0.001429,2013
2013-12-18 21:53:00,5970,2.0053e-06,0.001429,2013
2013-12-23 03:08:54,knc neptune,0.001429,0.001429,2013
2013-12-27 19:28:54,5850,1.8195e-06,0.001429,2013
2013-12-28 18:01:47,bfl single 'sc',0.00025,0.001429,2013
2013-12-31 18:12:37,aisen a1 pro,0.0104545455,0.001429,2013
2014-01-07 11:54:15,5970,2.0053e-06,0.001429,2014
2014-01-09 15:27:34,avalon batch 2,0.000117,0.001429,2014
2014-01-10 07:34:59,knc neptune,0.001429,0.001429,2014
2014-01-17 01:49:40,bi*fury,0.001176,0.001429,2014
2014-01-17 17:23:00,5870,1.906e-06,0.001429,2014
2014-01-17 17:23:00,5850,1.8195e-06,0.001429,2014
2014-01-21 19:32:20,aisen a1 pro,0.0104545455,0.001429,2014
2014-01-24 19:55:22,knc jupiter,0.0004,0.001429,2014
2014-01-24 22:31:48,antminer s1,0.0005,0.001429,2014
2014-01-25 20:41:20,antminer u1,0.0008,0.001429,2014
2014-01-26 06:01:24,knc jupiter,0.0004,0.001429,2014
2014-01-27 08:09:58,5870,1.906e-06,0.001429,2014
2014-01-29 19:38:27,6870,1.7264e-06,0.001429,2014
2014-02-01 09:43:08,5970,2.0053e-06,0.001429,2014
2014-02-01 15:12:19,6450,1.709e-06,0.001429,2014
2014-02-01 16:01:09,6670,1.69e-06,0.001429,2014
2014-02-03 09:45:03,6450,1.709e-06,0.001429,2014
2014-02-03 11:29:20,avalon batch 1,0.000107,0.001429,2014
2014-02-06 17:11:22,antminer u1,0.0008,0.001429,2014
2014-02-07 15:02:22,bfl single 'sc',0.00025,0.001429,2014
2014-02-14 07:35:46,7850,0.000191,0.001429,2014
2014-02-16 00:13:12,knc neptune,0.001429,0.001429,2014
2014-02-18 10:03:51,7850,0.000191,0.001429,2014
2014-02-18 21:49:52,antminer s1,0.0005,0.001429,2014
2014-02-23 00:25:04,avalon batch 1,0.000107,0.001429,2014
2014-02-23 04:55:52,bi*fury,0.001176,0.001429,2014
2014-02-24 06:11:46,bfl monarch,0.001428,0.001429,2014
2014-02-24 21:29:41,9800gt,2.89e-07,0.001429,2014
2014-02-25 17:12:57,5970,2.0053e-06,0.001429,2014
2014-02-25 17:12:57,5850,1.8195e-06,0.001429,2014
2014-02-26 22:44:03,6950,1.9399e-06,0.001429,2014
2014-02-26 22:44:03,6990,1.9056e-06,0.001429,2014
2014-03-02 17:14:47,6990,1.9056e-06,0.001429,2014
2014-03-03 19:30:43,6950,1.9399e-06,0.002,2014
2014-03-06 10:44:30,5870,1.906e-06,0.002,2014
2014-03-09 20:27:55,bfl monarch,0.001428,0.002,2014
2014-03-18 17:44:32,6870,1.7264e-06,0.002,2014
2014-03-18 17:44:32,5870,1.906e-06,0.002,2014
2014-03-20 12:07:27,6870,1.7264e-06,0.002,2014
2014-03-27 06:59:21,5970,2.0053e-06,0.002,2014
2014-03-29 00:06:11,nanofury nf2,0.00074,0.002,2014
2014-03-30 01:51:31,antminer u1,0.0008,0.002,2014
2014-04-03 17:05:44,antminer s1,0.0005,0.002,2014
2014-04-09 20:08:54,6850,1.3996e-06,0.002,2014
2014-04-16 16:41:05,antminer s1,0.0005,0.002,2014
2014-04-21 11:15:24,aisen a1 pro,0.0104545455,0.002,2014
2014-04-24 22:19:10,nanofury / icefury,0.0008,0.002,2014
2014-04-28 19:27:00,8800gts,1.09e-07,0.002,2014
2014-04-30 17:58:55,asicminer be cube,0.00015,0.002,2014
2014-05-02 08:26:35,antminer s1,0.0005,0.002,2014
2014-05-23 22:25:52,nanofury nf2,0.00074,0.002,2014
2014-05-30 10:10:11,aisen a1 pro,0.0104545455,0.002,2014
2014-06-05 23:37:51,bfl monarch,0.001428,0.002,2014
2014-06-06 20:28:38,asicminer be cube,0.00015,0.002,2014
2014-06-23 04:09:21,antminer s1,0.0005,0.002,2014
2014-06-23 10:39:26,aisen a1 pro,0.0104545455,0.002,2014
2014-06-28 22:03:22,aisen a1 pro,0.0104545455,0.002,2014
2014-06-29 10:35:40,6870,1.7264e-06,0.002,2014
2014-06-29 15:24:30,5870,1.906e-06,0.002,2014
2014-06-29 15:24:30,5970,2.0053e-06,0.002,2014
2014-07-07 20:56:22,antminer s3,0.0013,0.002,2014
2014-07-10 05:40:21,btc garden am-v1,0.000954,0.002,2014
2014-07-18 04:11:01,aisen a1 pro,0.0104545455,0.002,2014
2014-07-18 12:28:46,aisen a1 pro,0.0104545455,0.002,2014
2014-07-22 04:22:43,spondooliestech sp30 yukon,0.0015,0.00316,2014
2014-07-27 03:51:55,aisen a1 pro,0.0104545455,0.00316,2014
2014-08-17 19:16:41,rkminer r-box,0.000711,0.00316,2014
2014-09-02 12:46:29,antminer s2,0.0009,0.00316,2014
2014-09-03 10:29:15,knc neptune,0.001429,0.00316,2014
2014-09-05 03:28:05,aisen a1 pro,0.0104545455,0.00316,2014
2014-09-06 23:22:11,asicminer be cube,0.00015,0.00316,2014
2014-09-28 17:32:37,red/bluefury,0.00104,0.00535,2014
2014-10-05 15:38:47,red/bluefury,0.00104,0.00535,2014
2014-11-06 10:04:59,7850,0.000191,0.00535,2014
2014-11-10 04:12:28,antminer s1,0.0005,0.00535,2014
2014-11-24 21:45:06,asicminer be prisma,0.001333,0.00535,2014
2014-12-28 06:25:15,rkminer r-box,0.000711,0.00535,2014
2015-01-26 23:59:29,5970,2.0053e-06,0.00535,2015
2015-02-05 02:30:49,6970,1.8507e-06,0.00535,2015
2015-02-05 02:30:49,6950,1.9399e-06,0.00535,2015
2015-02-06 04:40:05,antminer s3,0.0013,0.00535,2015
2015-02-11 01:21:59,btc garden am-v1,0.000954,0.00535,2015
2015-02-11 01:21:59,antminer s3,0.0013,0.00535,2015
2015-02-11 14:34:05,5770,1.9401e-06,0.00535,2015
2015-02-13 16:51:30,antminer s5,0.001957,0.00535,2015
2015-02-13 16:51:30,spondooliestech sp20 jackson,0.001545,0.00535,2015
2015-02-13 16:51:30,spondooliestech sp20 jackson,0.001545,0.00535,2015
2015-02-21 14:54:29,aisen a1 pro,0.0104545455,0.00535,2015
2015-03-06 12:56:19,spondooliestech sp20 jackson,0.001545,0.00535,2015
2015-03-06 21:36:47,antminer u3,0.001,0.00535,2015
2015-03-08 02:36:59,spondooliestech sp20 jackson,0.001545,0.00535,2015
2015-03-19 06:39:28,black arrow prospero x-1,0.001,0.00535,2015
2015-04-01 13:03:05,asicminer be prisma,0.001333,0.00535,2015
2015-04-26 00:52:10,rkminer r-box,0.000711,0.00535,2015
2015-06-16 10:47:29,antminer s5,0.001957,0.00535,2015
2015-07-13 22:42:10,antminer u3,0.001,0.00535,2015
2015-09-08 19:48:23,antminer s1,0.0005,0.00535,2015
2015-09-08 19:48:23,antminer s1,0.0005,0.00535,2015
2015-09-14 14:38:46,asicminer be prisma,0.001333,0.00535,2015
2015-09-21 05:11:06,core i3 530,8.31e-06,0.00535,2015
2015-10-20 22:28:44,bfl monarch,0.001428,0.00714,2015
2015-10-30 21:59:20,asicminer be cube,0.00015,0.00714,2015
2015-11-19 00:41:37,asicminer be tube,0.000888,0.00714,2015
2015-11-20 12:22:35,bfl single 'sc',0.00025,0.00714,2015
2015-12-01 19:52:36,antminer s7,0.004,0.00714,2015
2015-12-07 17:33:50,antminer s7,0.004,0.00714,2015
2016-01-18 20:43:31,antminer s3,0.0013,0.00714,2016
2016-01-29 03:35:54,antminer s3+,0.001282,0.00714,2016
2016-01-31 01:48:52,bfl monarch,0.001428,0.00714,2016
2016-04-11 00:21:07,antminer u3,0.001,0.00714,2016
2016-04-11 00:21:07,antminer s3+,0.001282,0.00714,2016
2016-06-22 09:10:34,spondooliestech sp20 jackson,0.001545,0.0102,2016
2016-08-07 14:24:31,5970,2.0053e-06,0.0102,2016
2016-11-20 00:54:47,antminer s7,0.004,0.0102,2016
2016-11-29 14:11:00,asicminer be cube,0.00015,0.0102,2016
2016-12-01 23:35:53,bi*fury,0.001176,0.0102,2016
2017-02-10 19:34:06,aisen a1 pro,0.0104545455,0.0102,2017
2017-04-28 15:20:08,avalon721,0.006,0.0102,2017
2017-04-28 15:20:08,avalon741,0.00635,0.0102,2017
2017-05-09 01:33:58,avalon741,0.00635,0.0102,2017
2017-06-25 01:13:56,bfl single 'sc',0.00025,0.0102,2017
2017-07-01 22:51:45,6990,1.9056e-06,0.0102,2017
2017-08-18 17:00:39,avalon741,0.00635,0.0102,2017
2017-08-18 17:00:39,avalon741,0.00635,0.0102,2017
2017-08-18 17:00:39,avalon721,0.006,0.0102,2017
2017-08-24 02:58:05,avalon741,0.00635,0.0102,2017
2017-08-24 02:58:05,avalon721,0.006,0.0102,2017
2017-08-29 19:52:22,avalon741,0.00635,0.0102,2017
2017-09-21 17:33:07,avalon721,0.006,0.0102,2017
2017-09-27 22:50:16,bfl single 'sc',0.00025,0.0102,2017
2017-10-02 19:27:16,antminer s9,0.010182,0.0102,2017
2017-10-09 15:28:09,antminer s9,0.010182,0.0102,2017
2017-10-12 00:49:14,antminer s9,0.010182,0.0102,2017
2017-10-14 05:30:40,antminer s7,0.004,0.0102,2017
2017-10-18 10:03:11,avalon741,0.00635,0.0102,2017
2017-10-27 01:10:27,avalon741,0.00635,0.0102,2017
2017-11-07 02:16:48,avalon741,0.00635,0.01021,2017
2017-11-16 21:05:27,antminer s9,0.010182,0.01021,2017
2017-11-30 19:06:19,avalon741,0.00635,0.01021,2017
2017-12-02 16:13:38,antminer s3+,0.001282,0.01021,2017
2017-12-08 12:40:18,avalon741,0.00635,0.01021,2017
2017-12-15 03:31:16,avalon721,0.006,0.01021,2017
2017-12-20 23:50:29,avalon821,0.00917,0.01021,2017
2017-12-22 20:30:47,avalon741,0.00635,0.01021,2017
2017-12-29 17:40:43,avalon741,0.00635,0.01021,2017
2018-01-14 16:57:06,ebang ebit e9,0.0058495822,0.01021,2018
2018-01-22 08:37:37,5770,1.9401e-06,0.01021,2018
2018-01-23 21:01:52,avalon741,0.00635,0.01021,2018
2018-01-28 14:09:53,avalon741,0.00635,0.01021,2018
2018-02-06 04:10:11,antminer s9,0.010182,0.01021,2018
2018-02-20 04:55:23,antminer s9,0.010182,0.01021,2018
2018-02-21 10:00:50,avalon741,0.00635,0.01021,2018
2018-02-28 19:35:47,avalon741,0.00635,0.01021,2018
2018-03-17 01:06:38,avalon821,0.00917,0.01021,2018
2018-03-17 01:06:38,canaan avalonminer 841,0.0105426357,0.01021,2018
2018-03-17 01:06:38,avalon721,0.006,0.01021,2018
2018-03-17 01:06:38,avalon741,0.00635,0.01021,2018
2018-04-03 17:15:40,canaan avalonminer 841,0.0105426357,0.01021,2018
2018-04-03 17:15:40,avalon821,0.00917,0.01021,2018
2018-04-06 01:51:56,avalon821,0.00917,0.01021,2018
2018-04-07 04:13:26,antminer s9,0.010182,0.01021,2018
2018-04-07 04:13:26,antminer s9,0.010182,0.01021,2018
2018-05-10 19:53:22,antminer s9,0.010182,0.01021,2018
2018-06-10 08:29:16,antminer s9,0.010182,0.01021,2018
2018-06-26 00:42:34,antminer s9,0.010182,0.01021,2018
2018-06-26 00:42:34,antminer s9,0.010182,0.01021,2018
2018-07-17 00:48:19,avalon741,0.00635,0.01021,2018
2018-07-19 00:13:39,avalon741,0.00635,0.01021,2018
2018-07-19 20:52:12,canaan avalonminer 841,0.0105426357,0.01021,2018
2018-08-16 02:12:59,canaan avalonminer 841,0.0105426357,0.01021,2018
2018-09-11 00:26:10,avalon821,0.00917,0.01021,2018
2018-09-11 00:26:10,canaan avalonminer 841,0.0105426357,0.01021,2018
2018-09-11 00:26:10,avalon741,0.00635,0.01021,2018
2018-09-15 13:58:19,avalon741,0.00635,0.01021,2018
2018-09-27 20:34:54,antminer s9,0.010182,0.01021,2018
2018-11-16 20:46:39,avalon741,0.00635,0.01021,2018
2019-01-01 06:41:37,canaan avalonminer 841,0.0105426357,0.02,2019
2019-01-01 06:41:37,avalon741,0.00635,0.02,2019
2019-01-03 00:45:37,avalon741,0.00635,0.02,2019
2019-02-03 17:42:31,avalon741,0.00635,0.02,2019
2019-02-06 03:43:54,antminer s9,0.010182,0.02,2019
2019-04-15 23:11:41,canaan avalonminer 841,0.0105426357,0.0253,2019
2019-05-03 00:48:00,avalon741,0.00635,0.0253,2019
2019-05-22 05:23:24,halong mining dragonmint t1,0.0108108108,0.0253,2019
2019-06-26 03:41:45,canaan avalonminer 921,0.0117647059,0.0253,2019
2019-06-26 03:41:45,antminer s9,0.010182,0.0253,2019
2019-06-26 03:41:45,canaan avalonminer 841,0.0105426357,0.0253,2019
2019-08-11 23:15:44,antminer s9,0.010182,0.0253,2019
2019-08-16 23:15:45,antminer s9,0.010182,0.0253,2019
2019-10-05 03:04:45,canaan avalonminer 1047,0.0155462185,0.0253,2019
2019-10-16 21:31:06,antminer s9,0.010182,0.0253,2019
2019-10-24 01:59:02,canaan avalonminer 1066,0.0153846154,0.0253,2019
2019-10-26 03:25:58,avalon821,0.00917,0.0253,2019
2019-10-30 15:38:08,avalon741,0.00635,0.0253,2019
2019-11-28 11:03:02,canaan avalonminer 1047,0.0155462185,0.0253,2019
2019-11-28 11:03:02,canaan avalonminer 841,0.0105426357,0.0253,2019
2019-12-24 01:22:03,innosilicon t2 turbo,0.0121212121,0.0253,2019
2019-12-24 14:52:29,allwinner a10,5.68e-07,0.0253,2019
2019-12-28 21:17:28,antminer s9,0.010182,0.0253,2019
2020-03-01 23:44:43,canaan avalonminer 841,0.0105426357,0.0253,2020
2020-03-05 00:11:35,canaan avalonminer 841,0.0105426357,0.0253,2020
2020-03-05 00:11:35,avalon821,0.00917,0.0253,2020
2020-03-26 20:47:35,canaan avalonminer 1066,0.0153846154,0.0339,2020
2020-03-31 06:15:06,avalon batch 1,0.000107,0.0339,2020
2020-04-03 18:29:06,avalon741,0.00635,0.0339,2020
2020-09-23 21:22:47,bitmain antminer t17+,0.02,0.0339,2020
2020-10-09 08:24:27,bfl single 'sc',0.00025,0.0339,2020
2021-01-20 22:50:39,canaan avalonminer 841,0.0105426357,0.0339,2021
2021-04-06 18:00:34,canaan avalonminer 921,0.0117647059,0.0339,2021
2021-04-18 21:38:12,aisen a1 pro,0.0104545455,0.0339,2021
2021-05-04 09:02:20,aisen a1 pro,0.0104545455,0.0339,2021
2021-05-08 21:26:16,allwinner a10,5.68e-07,0.0339,2021
2021-05-08 21:26:16,avalon721,0.006,0.0339,2021
2021-05-08 21:26:16,canaan avalonminer 841,0.0105426357,0.0339,2021
2021-06-04 01:58:50,avalon741,0.00635,0.0339,2021
2021-06-29 20:19:15,canaan avalonminer 1047,0.0155462185,0.0339,2021
2021-06-29 20:19:15,canaan avalonminer 841,0.0105426357,0.0339,2021
2021-06-29 20:19:15,canaan avalonminer 841,0.0105426357,0.0339,2021
2021-07-13 13:53:02,avalon741,0.00635,0.0339,2021
2021-08-09 00:36:31,bitmain antminer s17 pro,0.0253164557,0.0339,2021
2021-08-09 00:36:31,bitmain antminer s19 pro,0.0338461538,0.0339,2021
2021-08-30 17:32:59,avalon821,0.00917,0.0339,2021
2021-09-07 07:59:29,allwinner a10,5.68e-07,0.0339,2021
2021-09-29 21:28:46,aisen a1 pro,0.0104545455,0.0339,2021
2021-10-05 20:48:24,allwinner a10,5.68e-07,0.0339,2021
2021-10-05 20:48:24,canaan avalonminer 1246,0.0263157895,0.0339,2021
2021-10-07 15:14:26,aisen a1 pro,0.0104545455,0.0339,2021
2021-10-08 12:37:33,aisen a1 pro,0.0104545455,0.0339,2021
2021-10-18 23:03:26,bitmain antminer s17+,0.025,0.0339,2021
2021-10-18 23:03:26,bitmain antminer s17+,0.025,0.0339,2021
2021-11-05 10:30:23,canaan avalonminer 1066,0.0153846154,0.0339,2021
2022-02-08 16:55:48,knc neptune,0.001429,0.0339,2022
2022-03-09 01:32:56,canaan avalonminer 1246,0.0263157895,0.0339,2022
2022-03-14 12:43:30,canaan avalonminer 1166 pro,0.0238235294,0.0339,2022
2022-03-26 16:39:12,canaan avalonminer 1166 pro,0.0238235294,0.0339,2022
2022-04-28 13:34:27,aisen a1 pro,0.0104545455,0.0339,2022
2022-05-12 07:55:27,aisen a1 pro,0.0104545455,0.0339,2022
2022-05-23 18:56:33,avalon741,0.00635,0.0339,2022
2022-06-06 18:48:16,6990,1.9056e-06,0.0339,2022
2022-06-13 23:04:21,avalon721,0.006,0.0339,2022
2022-08-03 05:49:40,canaan avalonminer 921,0.0117647059,0.0465,2022
2022-08-03 05:49:40,canaan avalonminer 841,0.0105426357,0.0465,2022
2022-08-03 05:49:40,canaan avalonminer 1047,0.0155462185,0.0465,2022
2022-08-03 05:49:40,canaan avalonminer 1066,0.0153846154,0.0465,2022
2022-08-03 05:49:40,canaan avalonminer 841,0.0105426357,0.0465,2022
2022-08-03 05:49:40,canaan avalonminer 1066,0.0153846154,0.0465,2022
2022-08-03 05:49:40,avalon721,0.006,0.0465,2022
2022-08-03 05:49:40,avalon741,0.00635,0.0465,2022
2022-08-03 05:49:40,canaan avalonminer 921,0.0117647059,0.0465,2022
2022-08-03 05:49:40,avalon821,0.00917,0.0465,2022
2022-08-06 07:50:44,canaan avalonminer 1246,0.0263157895,0.0465,2022
2022-08-06 07:50:44,canaan avalonminer 1166 pro,0.0238235294,0.0465,2022
2022-08-06 07:50:44,canaan avalonminer 1066,0.0153846154,0.0465,2022
2022-08-13 07:52:43,allwinner a10,5.68e-07,0.0465,2022
2022-08-16 22:59:42,avalon821,0.00917,0.0465,2022
2022-09-04 09:20:46,canaan avalonminer 1166 pro,0.0238235294,0.0465,2022
2022-10-11 12:52:14,canaan avalonminer 1246,0.0263157895,0.0465,2022
2022-11-17 02:09:57,canaan avalonminer 1126 pro,0.0198830409,0.0465,2022
2022-11-21 18:03:15,aisen a1 pro,0.0104545455,0.0465,2022
2022-12-16 12:00:21,canaan avalonminer 1166 pro,0.0238235294,0.0465,2022
2022-12-16 12:00:21,avalon741,0.00635,0.0465,2022
2022-12-16 12:00:21,avalon721,0.006,0.0465,2022
2023-01-06 19:11:31,canaan avalonminer 1246,0.0263157895,0.0465,2023
2023-01-06 19:11:31,canaan avalonminer 1166 pro,0.0238235294,0.0465,2023
2023-01-30 23:51:50,canaan avalonminer 1166 pro,0.0238235294,-1.0,2023
2023-03-12 03:11:25,canaan avalonminer 1166 pro,0.0238235294,-1.0,2023
2023-03-16 06:11:20,antminer s9,0.010182,-1.0,2023
2023-04-10 09:33:49,avalon741,0.00635,-1.0,2023
2023-04-30 13:21:49,aisen a1 pro,0.0104545455,-1.0,2023
2023-05-23 11:02:41,avalon721,0.006,-1.0,2023
2023-05-23 11:02:41,avalon741,0.00635,-1.0,2023
2023-05-23 11:02:41,allwinner a10,5.68e-07,-1.0,2023
2023-09-21 00:29:48,bitmain antminer s19,0.0292307692,-1.0,2023
